Wavenumber,Average_Intensity
401.058,780.7636202956521
402.149,732.9442588086956
403.243,760.5525060086957
404.332,744.0663183782608
405.424,681.0811740304347
406.515,659.8517685999999
407.606,667.3837541043479
408.697,578.244695595652
409.785,550.8326712260871
410.876,505.42144162608685
411.967,533.0608127086956
413.055,486.90072248695657
414.143,444.9694455391305
415.233,478.6800059086957
416.321,484.3916598695652
417.409,453.3996941043477
418.499,476.5998213043478
419.586,469.8541237956522
420.673,497.94781857826086
421.761,555.0716010086958
422.848,566.862192404348
423.935,617.0712228173912
425.02,596.5482613913043
426.106,635.2513685826087
427.193,669.1000873739131
428.278,698.8635390608697
429.364,723.5205057304347
430.45,744.0318129565218
431.534,733.8941993304348
432.618,723.8680990565217
433.704,753.8389462782609
434.788,754.0246099739131
435.871,720.3820895000001
436.955,791.9807755086956
438.038,718.5006237478261
439.123,671.8671553608694
440.204,679.6764998956523
441.287,619.4796566956522
442.37,616.057233652174
443.452,514.4826429391304
444.535,541.1124664086957
445.615,466.31893359130436
446.698,443.65004364782624
447.78,394.10975223043476
448.86,376.72912363913036
449.939,319.4151091478262
451.021,315.03611216521745
452.101,314.59939263043475
453.18,264.9153191782609
454.262,279.4253125913043
455.341,192.28975010782608
456.42,156.94086557086956
457.499,178.2646014652174
458.578,160.53650503913045
459.654,166.69279051
460.733,161.47681730782605
461.811,137.67472482826088
462.89,126.91288250304348
463.966,96.08338926021736
465.044,123.8670875691739
466.12,101.44934196434781
467.197,115.96255178826087
468.273,111.38375114660869
469.349,110.51183935404347
470.426,82.18908571095652
471.501,108.07502492256522
472.576,126.84477082086951
473.651,134.68411549086954
474.726,168.18563363478262
475.801,118.49985645852176
476.876,181.6680064617391
477.95,166.52151068869568
479.022,166.4022656613043
480.097,152.00664621782605
481.171,235.55608805217392
482.243,210.36841377956517
483.317,220.23464606130437
484.388,260.2702074521739
485.46,216.11172496086962
486.533,233.0987081
487.605,206.31748817956517
488.676,257.50480082173914
489.747,260.891538136087
490.818,320.20722269130437
491.889,335.273655326087
492.959,325.72010635565215
494.03,331.49654182173913
495.1,363.72063640000005
496.171,386.76709181739125
497.239,425.54560596521736
498.309,420.02155721304337
499.379,463.7165601086957
500.446,487.7300179913044
501.514,475.1086915521739
502.584,468.96124233043486
503.651,491.3594622869565
504.718,467.3152607652175
505.788,498.6375949130434
506.855,482.3473653695651
507.921,548.2359118434782
508.988,504.73260446956533
510.055,527.2334742652174
511.119,505.09400436521753
512.186,487.85592575217385
513.252,499.2327302434783
514.318,551.6063791782608
515.382,573.0825426217391
516.448,537.6413079782608
517.512,539.3726322173915
518.577,569.3766896826089
519.641,592.8706547434782
520.704,563.5835711695652
521.768,612.9367437478261
522.833,573.443868447826
523.896,672.9138586782609
524.959,687.701975626087
526.021,721.4471325782607
527.084,741.9232429347826
528.144,801.3498286652174
529.207,782.029107369565
530.269,855.3691661782606
531.331,931.7000053043477
532.391,987.5904944826085
533.453,949.5593294739132
534.513,977.4838146608696
535.572,962.3675155086958
536.634,874.7471711652174
537.693,886.5734768913045
538.752,799.163476747826
539.812,775.6686050130436
540.87,789.7381227173913
541.929,727.4431166999999
542.988,712.5507606521738
544.047,659.9112719913044
545.105,628.3720416782609
546.164,595.3886783695651
547.22,569.3765296
548.278,556.0313778000001
549.336,564.5027009826088
550.392,534.3299206173914
551.448,497.9137433956522
552.505,452.4363003173913
553.561,503.6022076043478
554.616,513.3815170739131
555.671,415.59191189999996
556.728,437.3908125782608
557.783,445.5053682826086
558.836,415.4616308086956
559.891,450.9016606130436
560.946,446.44868771739135
562.0,415.376037773913
563.055,359.9456364130434
564.107,387.06425270869573
565.161,343.3236470956522
566.213,332.1807407913044
567.267,323.7525528826086
568.318,281.66192543086964
569.37,325.3755648913043
570.424,308.3404946130435
571.475,312.4075462347826
572.526,270.93273354782605
573.577,310.0749511999999
574.628,322.1436025043478
575.679,350.6712968956522
576.73,383.3268063608695
577.781,366.55264809999994
578.829,442.5393302043478
579.88,385.5919172391305
580.93,397.0752303
581.978,365.23341651304344
583.026,325.2907186695652
584.076,326.03306655652176
585.124,292.5417898739131
586.172,247.91131398913046
587.221,302.5320555695652
588.269,288.2060573304348
589.316,305.0693924913043
590.363,325.98120372173906
591.41,339.78901203478256
592.457,359.436890526087
593.502,298.08842103043474
594.549,327.3751766478261
595.595,380.1401870130435
596.64,331.25243387826083
597.686,309.91822081304355
598.73,327.14919908260873
599.776,372.19971133043475
600.82,338.1375697304348
601.864,365.05448207826095
602.908,367.0882779347827
603.953,362.3285868130435
604.997,381.46305563478256
606.04,379.12549210434776
607.083,396.95874752173916
608.125,383.91816001739136
609.168,409.7530981826088
610.211,446.8282240913044
611.253,416.8043823652174
612.294,472.6086350608696
613.336,524.371500721739
614.377,624.8472043521739
615.419,761.3891231391306
616.459,909.6511777826087
617.499,960.0457063999997
618.539,1051.0986641434786
619.579,980.9947456913044
620.619,893.061645247826
621.658,762.3661010826087
622.698,687.9605769043479
623.737,710.1452410173913
624.776,800.5011399391306
625.815,901.006502817391
626.852,1045.8316325434782
627.891,1176.661875695652
628.928,1283.8567959347822
629.966,1404.2928265347828
631.003,1429.696922656522
632.041,1425.7114305782607
633.077,1441.404739843478
634.114,1301.661848908696
635.15,1179.0586692217391
636.185,1121.4391554869565
637.221,1013.7029145000002
638.257,896.2655099695651
639.292,872.5444614347826
640.328,782.5617238565217
641.361,741.9126863913043
642.396,634.8223038
643.431,568.7128262782609
644.464,536.6743213956521
645.497,437.6906345565217
646.532,390.6693433434783
647.564,368.20736006086963
648.597,373.41540139130444
649.629,357.2503035391304
650.663,340.22774747826077
651.695,308.74450624347827
652.727,315.9076081695652
653.757,250.92715290869566
654.789,221.66899329130433
655.821,227.01074025652179
656.852,186.16543079782608
657.882,171.28779325173912
658.913,182.9817385134782
659.942,168.25439925565217
660.973,100.7528863621739
662.002,117.31240204869565
663.031,158.22932241782607
664.06,124.53918443608698
665.09,126.14791275043476
666.119,141.76939876304345
667.147,106.48138194434785
668.175,126.10655031913045
669.201,139.25536126869568
670.229,90.78041088608697
671.257,81.29941654347826
672.285,124.93369476347824
673.311,69.89430814813043
674.338,87.50635450608696
675.363,87.06015360999999
676.389,72.96815569434783
677.416,103.45010315304351
678.441,67.62272185695652
679.466,91.67509940565216
680.491,88.53855253173913
681.515,98.43335102391302
682.54,50.900464633999995
683.565,75.23473706817393
684.589,79.90225004956524
685.613,108.54778531086957
686.635,76.56659850473913
687.659,104.61590614608697
688.681,104.59615983304346
689.705,111.99412420130436
690.727,125.48715086391302
691.75,174.5787870682609
692.772,159.92325395260875
693.793,146.92480313043478
694.814,188.00136007826083
695.835,175.04511985217394
696.856,194.25329056521738
697.877,196.91769767999997
698.898,185.11812321304348
699.918,195.78176218695648
700.937,222.8350487869565
701.957,178.13498235652173
702.978,228.4213448913044
703.996,178.41930966434785
705.016,182.50065863478264
706.034,152.26308684173912
707.052,134.72911532782607
708.069,148.27017826608696
709.087,123.5243184326087
710.107,102.02150041947824
711.124,98.22291051173913
712.139,127.71215394608699
713.156,69.46477947421738
714.173,93.49258799043477
715.19,94.34547496304349
716.205,76.54894460130437
717.222,80.9103967247826
718.238,76.11046190608694
719.253,66.56004466426087
720.267,112.0487873269565
721.283,87.84884254347826
722.297,96.17114556817391
723.311,96.6690707921739
724.325,112.11475132086956
725.339,114.82261158086955
726.353,132.4078977243478
727.366,141.75394284695656
728.38,175.20758006130433
729.391,239.81938595652176
730.404,257.1006414295652
731.417,279.3614708782609
732.428,277.3624943826087
733.441,270.7812884608695
734.452,297.9323426782609
735.463,320.84040755652177
736.475,348.0246682565217
737.486,344.81013612608695
738.496,325.34103981739133
739.506,326.2259123999999
740.516,359.8279390217391
741.526,375.06839184347825
742.534,348.9324560086956
743.544,384.38922973478253
744.554,381.9886807826088
745.561,372.8160377782609
746.571,393.3503119173914
747.578,379.9884709347826
748.587,402.1241781956522
749.594,331.0134013956521
750.601,346.08302127826084
751.608,329.1220924913043
752.615,362.6054087652174
753.621,328.8187638869565
754.628,334.3235167869565
755.634,300.56900902173913
756.641,309.17178217826086
757.647,317.90562123478264
758.651,303.04497645217396
759.657,348.085898
760.663,261.1317969969566
761.666,330.83259754782614
762.67,327.8689585465217
763.676,315.46238666956526
764.679,335.8311060391305
765.682,350.2919059695651
766.686,367.9076191695652
767.689,378.40346540434786
768.692,344.51638609130435
769.694,320.7694357073913
770.697,310.8946774108696
771.698,308.9282874078261
772.7,284.9385114291305
773.703,257.71278656565215
774.703,267.17174983043475
775.703,239.40713389391303
776.705,253.5153453773913
777.705,258.6751430230435
778.705,286.8146986586957
779.705,256.8488970673914
780.705,283.6924405030435
781.704,321.7915137869565
782.704,301.54839735217394
783.703,311.9019803639131
784.702,298.6127128552174
785.701,340.29570567826096
786.698,329.8631436217391
787.697,383.3591245130436
788.694,345.9848330652174
789.693,427.4097584130435
790.689,390.0489983521739
791.686,371.8138245521739
792.682,407.0952478173913
793.68,466.6676267913044
794.676,434.2677113478261
795.672,508.4152949217391
796.666,517.3390838869565
797.662,575.0144368347827
798.658,621.5138862260869
799.653,648.5762688782609
800.647,692.5817693956521
801.642,736.3622245478261
802.636,788.9498189173913
803.631,830.3516500913045
804.624,839.6427287478261
805.617,845.384543673913
806.61,858.4992358304346
807.602,801.1989463347826
808.595,826.8258594608697
809.587,801.5171597782609
810.58,761.3895532695653
811.572,750.8779636173914
812.564,747.4614880043478
813.554,735.5146586913045
814.546,742.0472685913045
815.536,723.2728498956524
816.528,700.6135868521741
817.518,757.3152723304347
818.507,722.0862210304348
819.499,796.1418345565218
820.488,824.3043405173914
821.477,848.745923073913
822.466,910.1290272173914
823.455,1002.0454023217393
824.444,1114.4224499782606
825.431,1186.3337886521738
826.42,1269.8719939304349
827.408,1371.9838149956524
828.395,1497.1968706695654
829.383,1621.6993881304352
830.369,1761.1877688260868
831.356,1927.2430225652172
832.342,2104.474115652173
833.33,2381.418014565217
834.315,2576.0208160000007
835.301,2861.012529434782
836.287,3130.5935994782612
837.27,3366.257513739131
838.256,3516.1099339565226
839.241,3631.625652086957
840.226,3657.259894391305
841.209,3598.714409391305
842.194,3545.2983365217397
843.177,3422.091684695653
844.16,3248.075766826087
845.145,2979.129287652174
846.127,2735.0792118260865
847.11,2540.528156826088
848.092,2388.538739913043
849.074,2283.375316913043
850.056,2247.290505086956
851.039,2221.272138695652
852.018,2230.4484866086955
853.0,2250.598687521739
853.982,2335.558401782609
854.962,2419.6593759565217
855.941,2472.7616184782605
856.923,2490.4103542608696
857.902,2468.6395041739133
858.881,2359.275162956522
859.86,2196.888642652174
860.839,2053.9760373043478
861.818,1881.250833217391
862.797,1784.8091243478266
863.776,1657.1374401739129
864.754,1592.148396217391
865.733,1520.7632614347824
866.709,1453.498433652174
867.687,1380.0233983913045
868.664,1316.8264240391304
869.642,1303.5613436304347
870.618,1243.9717291304348
871.594,1223.4569358043475
872.569,1164.1141879739132
873.545,1153.3012316043475
874.521,1096.7944649869564
875.496,1110.3223297956522
876.471,1055.1665287043477
877.447,1037.8361117913043
878.42,1028.0843469086958
879.395,1015.3965017000002
880.37,1009.1702784217392
881.343,961.6109448695651
882.315,919.8119858434782
883.29,885.5827560173915
884.262,822.342174956522
885.235,810.064857952174
886.207,822.7304638739131
887.179,793.4936514
888.151,776.120209782609
889.123,760.3638411478261
890.095,733.2158998782609
891.065,765.2745228608696
892.037,791.6091948956521
893.009,810.3887919869566
893.978,807.9780596130436
894.948,813.1262652130434
895.919,843.0862412130434
896.888,872.7617765478259
897.857,892.6297471391306
898.826,942.4521159478261
899.795,925.7412804391304
900.764,1006.0035947260872
901.732,1042.2910216782607
902.701,1088.8480892565217
903.668,1135.4425426956525
904.636,1148.4751274347827
905.604,1194.9796320739133
906.57,1215.739714852174
907.538,1225.2341212608696
908.504,1278.3163353304349
909.47,1282.5143631347826
910.436,1328.7692541652173
911.402,1297.0844926565221
912.367,1347.7096495304347
913.333,1317.7073396652174
914.298,1334.1319165
915.264,1302.8096465913047
916.229,1266.993753421739
917.192,1262.8757641086956
918.157,1208.2914237173914
919.12,1211.169433426087
920.084,1157.7428857565217
921.047,1114.457482273913
922.01,1099.9827932782612
922.972,1021.1240420999999
923.935,999.0552773521741
924.897,951.0252003869565
925.859,883.7034252521739
926.821,859.5165661608694
927.783,776.1858023086959
928.743,738.8695738913043
929.705,731.853755773913
930.667,728.8871794652174
931.626,647.6612849913042
932.586,663.6872950565219
933.547,619.5824323434783
934.506,597.0812673130436
935.466,564.2288921913042
936.425,559.1197035173914
937.384,552.4816629999998
938.343,528.1729932565217
939.301,548.614351673913
940.26,563.8410042695651
941.217,589.4852171130434
942.175,571.9501692608698
943.132,565.7779962608695
944.09,598.5677467478262
945.046,598.4775128086956
946.002,569.3835168956522
946.96,584.5781119260869
947.916,568.3110421173914
948.872,590.8909646956521
949.828,522.4426673000002
950.783,565.6806332391304
951.737,552.9380849043478
952.692,535.2779403434782
953.647,539.3054219652174
954.601,513.1427086173913
955.556,525.0742835608696
956.509,482.307064778261
957.464,541.4214485173911
958.417,563.9073962434784
959.369,543.0379563304348
960.322,533.3686554173913
961.275,538.8385853913044
962.227,584.0254902347826
963.179,548.4919835217391
964.132,558.0877222652173
965.082,568.5437113217391
966.034,559.0049989652173
966.984,556.6115465782608
967.936,548.3093154478261
968.885,586.8423973260868
969.837,575.3164491652173
970.787,600.8970844434781
971.736,567.404047
972.686,591.9667763782609
973.635,590.0247990217391
974.584,624.2935979130435
975.533,642.0882212260871
976.48,709.6417605739131
977.429,730.9262641391305
978.378,728.3960843434783
979.325,748.6330954086957
980.273,798.4816497608696
981.22,792.1855346086955
982.166,870.115624130435
983.113,908.1600532304349
984.061,957.8728700391302
985.007,1004.3865571913047
985.953,1064.4988583086958
986.897,1109.9400822913042
987.843,1166.2170160739129
988.789,1222.1182729304346
989.734,1219.5013352173914
990.678,1313.8405118652167
991.623,1408.1506331695655
992.567,1557.8637467608696
993.51,1906.6741178999996
994.453,2302.011446247827
995.398,2884.284301465217
996.341,3717.3153392608706
997.284,4594.377607608697
998.227,5371.662414391304
999.168,5753.8945459999995
1000.11,5747.736614565219
1001.05,5125.924710608696
1001.99,4160.0249243478265
1002.94,3133.4585628260875
1003.88,2286.6017161391305
1004.82,1692.5923868217385
1005.76,1346.6897955086959
1006.7,1073.6371616173913
1007.64,926.921009952174
1008.58,806.914951695652
1009.52,751.1363807782609
1010.46,708.4862126565218
1011.4,683.0111456956521
1012.34,653.1786171956524
1013.27,667.7416295826088
1014.21,670.885054952174
1015.15,655.0320697304347
1016.09,707.5027197739131
1017.03,741.2798772391304
1017.96,732.8591965913042
1018.9,744.5692019999999
1019.84,854.1464611000001
1020.77,905.7522807347826
1021.71,987.4947065086958
1022.65,1084.2975235173915
1023.58,1213.8713427869566
1024.52,1461.3477315913042
1025.45,1597.1692575565223
1026.39,1809.2444011608702
1027.32,1981.6377733086958
1028.26,2152.158375873913
1029.19,2164.9367763347827
1030.12,2180.2478025652176
1031.06,2066.8953695000005
1031.99,1934.6596097434779
1032.92,1773.0170466782606
1033.86,1603.3326817043483
1034.79,1437.088299673913
1035.72,1311.6777713608697
1036.65,1217.2509680130436
1037.59,1141.8557173347829
1038.52,1064.1435425869565
1039.45,1025.9023582999998
1040.38,1015.1722964086957
1041.31,957.1192711521737
1042.24,974.0111104217391
1043.17,915.5586413173914
1044.1,915.7953437652174
1045.03,880.059001408696
1045.96,897.0487027739126
1046.89,905.3606229217392
1047.82,898.857328295652
1048.75,864.0318637130433
1049.68,901.8006216652171
1050.61,932.1522990347825
1051.53,993.7849404304346
1052.46,1000.4102425956523
1053.39,1049.2177284695654
1054.32,1022.9201383956521
1055.24,1107.5972123869565
1056.17,1204.7532123173914
1057.1,1260.430922021739
1058.02,1328.9019509869565
1058.95,1387.1989525304348
1059.88,1459.072318752174
1060.8,1415.1015287086957
1061.73,1424.7263659782611
1062.65,1360.920961652174
1063.58,1348.4460992086954
1064.5,1276.1550403478263
1065.43,1292.5091767826086
1066.35,1255.137813695652
1067.27,1245.4122127
1068.2,1229.6912001869564
1069.12,1217.0915594913045
1070.04,1235.9259866608693
1070.97,1205.2772648739128
1071.89,1189.9254381913045
1072.81,1129.905419756522
1073.73,1112.2177318695651
1074.65,1090.034809704348
1075.58,1025.3949145826086
1076.5,1020.0583509347828
1077.42,983.6491190826088
1078.34,956.5477409695652
1079.26,947.3038257304348
1080.18,933.0654602739131
1081.1,877.0356448999999
1082.02,856.6888145782605
1082.94,859.5207084695652
1083.86,818.458544104348
1084.78,820.1469738000002
1085.7,799.9894324173912
1086.61,777.6055285782608
1087.53,778.2573928043479
1088.45,745.5118512304347
1089.37,733.5612516173913
1090.28,739.278463473913
1091.2,766.9045303391305
1092.12,747.9471911695651
1093.03,739.4454024304348
1093.95,774.3549466695654
1094.87,769.2298235652173
1095.78,765.8879462347827
1096.7,776.1473144521738
1097.61,767.3216237434782
1098.53,803.9913520086956
1099.44,836.7771078782607
1100.36,829.9011518434783
1101.27,849.6042227869564
1102.19,818.3287118956524
1103.1,792.9114882826087
1104.01,836.0586821304347
1104.93,870.4587712260869
1105.84,911.8897118869564
1106.75,930.1945905608695
1107.67,922.8344068478262
1108.58,991.1295082434784
1109.49,1023.3635029521739
1110.4,1090.0736078130437
1111.31,1099.474387447826
1112.22,1142.638972
1113.14,1188.2452737739131
1114.05,1240.0479009913047
1114.96,1288.3589399521736
1115.87,1377.301129043478
1116.78,1469.5650328434783
1117.69,1483.4139548565215
1118.6,1576.2540249391307
1119.51,1606.9361553782608
1120.42,1680.251475391304
1121.32,1726.9840713913043
1122.23,1750.8410727391304
1123.14,1756.7368261739132
1124.05,1727.2061134782612
1124.96,1668.1619770304349
1125.86,1608.0909371739133
1126.77,1521.3777320869567
1127.68,1462.1227085913042
1128.58,1384.2459519956524
1129.49,1300.1148090000002
1130.4,1236.629973778261
1131.3,1229.036879926087
1132.21,1175.3201347
1133.11,1197.343171495652
1134.02,1251.3788583260869
1134.92,1282.222715573913
1135.83,1310.7126980521741
1136.73,1318.7678477739132
1137.64,1366.8940328869564
1138.54,1405.9638167130431
1139.44,1397.831589104348
1140.35,1341.7118699913044
1141.25,1335.4193533956523
1142.15,1295.2698201347825
1143.06,1261.6489205391304
1143.96,1265.2691748913044
1144.86,1237.3093198478261
1145.76,1212.5603104217394
1146.66,1190.228188126087
1147.57,1162.246342365217
1148.47,1130.7803799173914
1149.37,1103.3650811652171
1150.27,1133.867792013043
1151.17,1106.100727852174
1152.07,1108.497799456522
1152.97,1098.148352756522
1153.87,1067.0418201608695
1154.77,1007.9133300521738
1155.67,953.3238802086958
1156.57,850.3586857434783
1157.46,800.2301357869563
1158.36,719.2421845304348
1159.26,662.8670469956522
1160.16,635.2767209956522
1161.05,614.3782475608696
1161.95,553.3147547956521
1162.85,523.1039794956522
1163.75,494.3127888417392
1164.64,472.1443108743478
1165.54,489.25419537826093
1166.44,481.67752687565223
1167.33,428.2943464491305
1168.23,437.91008643347834
1169.12,424.0090052708696
1170.02,419.9475352830435
1170.91,419.620456646087
1171.81,420.86494079826093
1172.7,430.30981132956515
1173.59,445.42506579347827
1174.49,464.30478862826067
1175.38,469.8346730052173
1176.27,510.71641204826096
1177.17,558.1776989043478
1178.06,576.1262267043477
1178.95,623.0905146347826
1179.84,641.5849514652175
1180.74,664.7518388391303
1181.63,668.7532178956521
1182.52,672.6079988130435
1183.41,667.854222652174
1184.3,663.1529736652171
1185.19,660.1114665434782
1186.08,633.0351768
1186.97,666.6712758260869
1187.86,666.8552391913043
1188.75,692.5674553695653
1189.64,723.9210520521736
1190.53,753.1796788260871
1191.42,790.4821153521739
1192.31,807.6552284652174
1193.2,871.9559718782608
1194.09,901.5101254130434
1194.97,881.8989905217394
1195.86,910.6237382304349
1196.75,900.1619743826091
1197.64,854.6373915043481
1198.52,854.9962043434784
1199.41,838.1916272043479
1200.29,811.7936135173913
1201.18,771.4250734130434
1202.07,742.368525526087
1202.95,728.7942712478261
1203.84,662.9314812869567
1204.72,630.4300222478262
1205.61,599.503760495652
1206.49,555.5559538173912
1207.38,568.3735121130436
1208.26,505.70830176956514
1209.14,503.13988487826083
1210.03,470.3867365217391
1210.91,460.30385349130444
1211.79,428.55392827826086
1212.68,430.26117505086944
1213.56,434.0163731999999
1214.44,427.4619977739131
1215.32,413.32704553826085
1216.21,415.54590459130424
1217.09,427.67861512608687
1217.97,416.7380434739131
1218.85,440.33940374782617
1219.73,476.0131274782608
1220.61,440.01299399565215
1221.49,472.545260878261
1222.37,538.1505769782609
1223.25,588.1607216391303
1224.13,648.2736915130433
1225.01,726.9805267739131
1225.89,813.567528347826
1226.77,898.5408234260868
1227.65,950.9142347565219
1228.52,993.0667587304347
1229.4,1013.0736963956522
1230.28,988.3286964434782
1231.16,987.1122336391307
1232.03,960.9173915434782
1232.91,976.3874709652172
1233.79,959.5102941826087
1234.66,946.472205926087
1235.54,939.6325935391304
1236.42,931.9761491652171
1237.29,893.6421735434782
1238.17,845.790793326087
1239.04,781.250613752174
1239.92,709.4958918391304
1240.79,700.9925369521741
1241.67,661.8288931391305
1242.54,619.1858262869566
1243.41,591.7901152304348
1244.29,597.2194083217391
1245.16,572.1958322347825
1246.03,560.928165773913
1246.91,584.0545790478262
1247.78,573.3568508130435
1248.65,545.3848468086957
1249.52,581.3946501478262
1250.4,580.6413004347826
1251.27,583.3249242304348
1252.14,578.2337350260868
1253.01,599.2100332739129
1253.88,616.9947715826087
1254.75,617.7595112434782
1255.62,638.067683073913
1256.49,616.2011527173914
1257.36,661.8535683608695
1258.23,664.3684912217392
1259.1,692.7003955739132
1259.97,707.0944078391304
1260.84,695.9556109565217
1261.71,713.0899138739131
1262.57,725.2308777913042
1263.44,739.6086290217391
1264.31,779.7724243782609
1265.18,801.2063900565215
1266.05,872.2353482000002
1266.91,884.7494250000002
1267.78,951.9622249260868
1268.65,1048.9116567956523
1269.51,1123.2700208782608
1270.38,1231.780269352174
1271.24,1388.0344413869566
1272.11,1524.1802284260866
1272.97,1648.721886973913
1273.84,1791.471977713044
1274.7,1940.3955398826088
1275.57,2053.0340035695654
1276.43,2130.4911472521735
1277.3,2208.1834874608694
1278.16,2257.782324565217
1279.02,2294.1067839434777
1279.89,2326.562078313043
1280.75,2334.345594043478
1281.61,2331.7638482
1282.48,2340.3729225869565
1283.34,2309.0749862782604
1284.2,2265.3700338521744
1285.06,2211.825451852174
1285.92,2134.0877566956515
1286.78,2042.1338560173913
1287.65,1952.4836140869568
1288.51,1826.2375038608693
1289.37,1719.414259169565
1290.23,1625.5749175869562
1291.09,1551.0431261521735
1291.95,1457.5526179478263
1292.81,1402.6197356304347
1293.67,1327.3392994565218
1294.52,1312.8503904217393
1295.38,1253.6533073260869
1296.24,1236.798174726087
1297.1,1210.8475086608696
1297.96,1185.9049118260868
1298.81,1155.0022481565218
1299.67,1116.527989534783
1300.53,1111.3043913608697
1301.39,1105.1208819347826
1302.24,1064.0235861
1303.1,1028.7361931652174
1303.95,980.5273494173913
1304.81,939.5536137956519
1305.67,919.6764151000001
1306.52,879.1039209521739
1307.38,840.7049948086955
1308.23,806.4737173608696
1309.09,773.3271693782607
1309.94,726.1519533000001
1310.8,696.4678019695652
1311.65,670.1281004086956
1312.5,648.599711847826
1313.35,627.1280212956522
1314.21,614.5850224043479
1315.06,597.3847087826088
1315.91,580.2375523391305
1316.77,560.3046336478261
1317.62,573.831859352174
1318.47,576.228831726087
1319.32,574.1889791000001
1320.17,563.5855124826086
1321.02,582.7166427347827
1321.87,592.4931460521739
1322.73,587.4037985304348
1323.57,594.2798980391303
1324.43,594.3499598
1325.28,602.7034120391305
1326.13,618.6097265173912
1326.97,620.1593749347826
1327.82,627.4908289695653
1328.67,633.3047776956522
1329.52,641.4244753869565
1330.37,658.0993936826086
1331.22,666.0507433565217
1332.06,677.1433872999999
1332.91,672.7293623608695
1333.76,673.8090531608696
1334.61,690.1510616608696
1335.45,701.6426420652173
1336.3,694.1235267652173
1337.15,710.2441002956521
1337.99,702.3500515782608
1338.84,722.9859825043478
1339.68,737.2649297739129
1340.53,743.2221474043477
1341.37,739.6427590478261
1342.22,745.7778882521739
1343.06,733.822745543478
1343.91,744.1568022695653
1344.75,763.3208341826087
1345.6,760.1325299739132
1346.44,776.4157522608697
1347.28,768.8548853782607
1348.12,772.9804006782608
1348.97,763.5147258130435
1349.81,766.4572017086958
1350.65,790.2665603608694
1351.49,787.4970556217392
1352.33,787.368463021739
1353.18,796.5919928260868
1354.02,809.277420504348
1354.86,820.3884346652175
1355.7,842.9316367347826
1356.54,867.3072804521738
1357.38,874.523489021739
1358.22,901.5946030956522
1359.06,904.770267578261
1359.9,918.9013881391304
1360.74,933.5267838217393
1361.58,945.3392295826087
1362.42,946.9658486826088
1363.25,936.9583294521738
1364.09,921.5316209478259
1364.93,923.8974113782607
1365.77,929.2678237869567
1366.6,920.6664159652172
1367.19,917.0324845695653
1368.1,924.0402832260868
1369.01,919.4190215260869
1369.92,916.6785616956522
1370.83,887.6206350434783
1371.74,883.4013645695652
1372.65,882.1590903478261
1373.56,859.2927613173915
1374.47,860.1371523391305
1375.37,818.7374731260869
1376.28,794.3959768130435
1377.19,807.1198730260869
1378.1,777.719588773913
1379.0,765.717681478261
1379.91,761.0064911434782
1380.82,755.0927490652172
1381.72,716.5450995869567
1382.63,725.3445347869565
1383.54,710.5894381130435
1384.44,696.0190625086958
1385.35,693.4469652521739
1386.25,681.9090079956521
1387.16,666.6680957434784
1388.06,685.0655684043478
1388.97,690.3608527347825
1389.87,689.254853752174
1390.78,717.6388243130435
1391.68,745.7357563434781
1392.59,772.8847286956523
1393.49,784.254733352174
1394.39,778.2729361086956
1395.3,735.6266330869565
1396.2,686.4027292608696
1397.1,653.2607816565217
1398.0,602.3892603695651
1398.91,558.4062876130433
1399.81,525.8788986304348
1400.71,482.14343303478256
1401.61,483.90070868260875
1402.52,471.19832595217383
1403.42,462.9937114130435
1404.32,453.85933504347827
1405.22,454.05405809130446
1406.12,460.90874180434787
1407.02,437.0147257434782
1407.92,438.77026241739134
1408.82,453.1088652391304
1409.72,440.0566997782611
1410.62,461.4337141913044
1411.52,427.4181175086957
1412.42,450.15264046956526
1413.32,470.39270947826077
1414.21,476.9920552391304
1415.11,472.3521476173913
1416.01,464.22306516086957
1416.91,485.53975592173913
1417.81,493.5677332043478
1418.71,500.8201189826087
1419.6,515.6573395478262
1420.5,537.7263429565216
1421.4,553.6214250565216
1422.29,571.9970990391304
1423.19,602.7160955260871
1424.09,635.3548407826086
1424.98,657.1405870521739
1425.88,712.9938475478261
1426.77,752.2467875695652
1427.67,819.8947897739131
1428.56,866.1159324913043
1429.46,958.3173809608694
1430.35,1046.2823875347826
1431.25,1130.3729867869565
1432.14,1205.6447350521742
1433.04,1286.8517978521738
1433.93,1341.1299051652172
1434.82,1385.282787473913
1435.72,1410.6793488173912
1436.61,1425.5192325478265
1437.5,1469.888125217391
1438.39,1514.0575829043478
1439.29,1560.2983794260872
1440.18,1620.0779838130434
1441.07,1692.930473834782
1441.96,1781.8500142260873
1442.85,1888.6214219260867
1443.75,1964.8671223130439
1444.64,2058.726845108696
1445.53,2144.030711452174
1446.42,2169.236102773913
1447.31,2243.509184069565
1448.2,2275.303423386956
1449.09,2281.9201157260877
1449.98,2282.4644688391304
1450.87,2257.2716898999993
1451.76,2223.60003003913
1452.65,2199.0177403086955
1453.54,2156.294810447826
1454.43,2085.2577522608703
1455.31,2055.098294652174
1456.2,1979.2303404956522
1457.09,1917.7899664347829
1457.98,1855.7171619956523
1458.87,1790.2793083434783
1459.75,1750.3290034608692
1460.64,1683.7705846826088
1461.53,1651.3777371478263
1462.41,1658.6404502217388
1463.3,1646.1404959521742
1464.19,1672.1394287913045
1465.07,1727.3507597434782
1465.96,1771.2364776913043
1466.85,1820.0287895521742
1467.73,1812.0237710826088
1468.61,1772.7468897565218
1469.5,1741.2822648826084
1470.38,1647.2200158217386
1471.27,1617.5136100086957
1472.15,1587.7042098000002
1473.04,1598.6280215391307
1473.92,1662.6169034956522
1474.8,1643.3749749869562
1475.69,1673.6777895521739
1476.57,1690.3430751608694
1477.45,1636.7330377173912
1478.34,1633.967709213044
1479.22,1583.1111217478262
1480.1,1539.1296111869567
1480.98,1480.966687786957
1481.86,1463.9683836260867
1482.75,1464.0006868869566
1483.63,1433.122281204348
1484.51,1378.769937678261
1485.39,1274.4338617826088
1486.27,1166.4389546434782
1487.15,982.0561608695651
1488.03,815.2705991608694
1488.91,709.0191703695652
1489.79,606.9341669782608
1490.67,521.3681856173913
1491.55,478.4182577869566
1492.43,423.0133279260869
1493.31,388.2023840086957
1494.19,349.32002267826084
1495.07,301.7420144695652
1495.94,309.47078205217394
1496.82,270.5763133869565
1497.7,260.9994659
1498.58,226.01840140000004
1499.45,214.2359338652174
1500.33,203.46513815652176
1501.21,214.31313255652165
1502.09,171.58107886217394
1502.96,180.57248666391305
1503.84,177.71764818086953
1504.72,164.11059472652178
1505.59,154.4130098252174
1506.47,140.14875086782607
1507.34,140.76606659043475
1508.22,142.291901313913
1509.09,119.72292117086955
1509.97,128.88934005304347
1510.84,126.11105013478259
1511.72,116.80375230391306
1512.59,115.72104306130431
1513.46,113.86612760739128
1514.34,115.3779937678261
1515.21,98.30449889739131
1516.08,81.79958736000002
1516.96,92.01968173739132
1517.83,104.5641611052174
1518.7,77.82627416304346
1519.57,115.7312260804348
1520.45,64.6676699
1521.32,82.97411947217391
1522.19,73.83264086000001
1523.06,76.39379142086956
1523.93,59.16866328521737
1524.8,61.037479018695656
1525.67,45.27925684304346
1526.54,51.50135410586957
1527.41,45.23731076073914
1528.28,75.33911024217389
1529.16,46.966049718608694
1530.02,54.298622029130435
1530.89,57.475215650869565
1531.76,43.06859297130434
1532.63,38.30835116495651
1533.5,65.85231348869564
1534.37,42.85759015695653
1535.24,48.4700566007826
1536.11,62.24361433434783
1536.97,52.516169217826096
1537.84,71.04513146478261
1538.71,46.90773301
1539.57,42.59291885043478
1540.44,41.416838315652164
1541.31,36.93774074052174
1542.18,41.7628232826087
1543.04,54.24919614217392
1543.91,57.04227386521739
1544.77,27.678544912521744
1545.64,35.91833687073913
1546.5,48.29564254278261
1547.37,23.892015603478264
1548.24,29.037101025304356
1549.1,33.77761921869564
1549.96,28.40064276547826
1550.83,25.98187467921739
1551.69,24.72589188678261
1552.56,35.20287566391304
1553.42,26.140272500869564
1554.28,24.707524540826086
1555.15,16.076173925347828
1556.01,21.281121582739125
1556.87,42.444128436826084
1557.73,24.62613202952175
1558.6,27.18570902582608
1559.46,38.398544789565214
1560.32,18.769377012347828
1561.18,5.279282519565216
1562.04,32.43464825413043
1562.9,19.893638772652174
1563.77,40.52057514417391
1564.63,33.741277682434784
1565.49,42.83482321652174
1566.35,38.85622771086957
1567.21,42.5126462533913
1568.07,62.15870349826087
1568.93,57.03662409478261
1569.79,53.66146748043479
1570.64,57.53358004117391
1571.5,64.3334212047826
1572.36,67.02184170173913
1573.22,81.6189574852174
1574.08,98.84454535608695
1574.94,110.39234735434779
1575.8,122.74267941652174
1576.65,146.7055879126087
1577.51,184.47242355565214
1578.37,211.2679283404348
1579.22,268.0361051782609
1580.08,312.68521778260873
1580.94,368.4055298913044
1581.79,406.02469651304347
1582.65,415.37550312173903
1583.51,377.3681264391305
1584.36,342.65804753043477
1585.22,308.34139965217383
1586.07,237.284402963913
1586.93,200.32666894565216
1587.78,180.39346122304352
1588.63,194.52808692565216
1589.49,186.02485315043475
1590.34,194.05145829826088
1591.2,216.6130790226087
1592.05,245.47219631304344
1592.9,274.2288998695652
1593.76,314.7612793608695
1594.61,355.4643809695652
1595.46,437.1045987173913
1596.32,523.8233700739131
1597.17,624.4533933565218
1598.02,737.268671247826
1598.87,860.3150759565216
1599.72,966.6183925739132
1600.58,1061.977276021739
1601.43,1086.517250621739
1602.28,1064.7472318565217
1603.13,988.2548307260872
1603.98,887.1279631043479
1604.83,777.3395441869567
1605.68,651.943924252174
1606.53,530.7518883
1607.38,439.73622125217395
1608.23,381.89549065652176
1609.08,338.8500466695652
1609.93,292.376152426087
1610.77,255.46324502608698
1611.62,230.22384846956527
1612.47,220.72196501304342
1613.32,208.05246650652177
1614.17,191.31674648695653
1615.01,159.17011156478264
1615.86,157.44986830869567
1616.71,136.6003667873913
1617.55,126.75634834913045
1618.4,127.72411958434785
1619.25,108.1810826930435
1620.09,133.58999643826087
1620.94,131.3576716917391
1621.79,124.97544980347827
1622.63,98.41989820652174
1623.48,115.51549734086957
1624.32,112.43333634000001
1625.17,130.7167217826087
1626.01,126.49735145956524
1626.86,145.62874931782605
1627.7,133.7104827595652
1628.54,114.63768436086957
1629.39,135.15392151695656
1630.23,154.32532682347824
1631.07,146.22885896434784
1631.92,153.38660705565218
1632.76,158.46061668956523
1633.6,160.59332480695647
1634.45,173.8885596434783
1635.29,183.84980155434783
1636.13,186.83913967130434
1636.97,198.9627934434783
1637.81,211.70559110608693
1638.66,219.042708673913
1639.5,201.7216699652174
1640.34,214.1108683826087
1641.18,229.17252341304354
1642.02,245.2020284086956
1642.86,228.63642894347825
1643.7,237.86820533478263
1644.54,238.39883786521742
1645.38,239.03245903913043
1646.22,234.7486360956522
1647.06,243.9530667304348
1647.89,256.34301381304346
1648.73,242.5746098130435
1649.57,243.70942190869565
1650.41,250.78488692173912
1651.25,227.42648506608694
1652.09,250.8893487652174
1652.92,251.43234954347827
1653.76,245.98461982173913
1654.6,262.70394413043476
1655.43,233.35449833478265
1656.27,244.84811045652168
1657.11,223.6110867943478
1657.94,253.75795096521747
1658.78,261.8417918608696
1659.62,245.99717659999996
1660.45,230.15093314782612
1661.29,243.84575906086965
1662.12,233.85100402173921
1662.96,219.59188729130437
1663.79,235.61201944782613
1664.62,225.37248930434777
1665.46,219.98129866956523
1666.29,215.01779723043478
1667.13,206.9923346347827
1667.96,215.5679561956522
1668.79,211.32096806086957
1669.63,193.29480683
1670.46,193.48416995347824
1671.29,193.79866792173914
1672.12,168.9544764291304
1672.96,172.2384233552174
1673.79,166.1454234943478
1674.62,161.660391673913
1675.45,142.58367749347826
1676.28,155.52180441304347
1677.11,144.89099162
1677.95,133.2415016978261
1678.78,151.653466836087
1679.61,118.83319309956516
1680.44,156.1355518
1681.27,135.31805770130435
1682.1,134.18426035130437
1682.93,124.17278753217396
1683.75,134.69955837652174
1684.58,143.64097891652173
1685.41,150.22634215869562
1686.24,142.03404545434782
1687.07,135.50849482869566
1687.9,141.94082675434782
1688.73,140.41221248130438
1689.55,164.41951019347823
1690.38,154.9911128630435
1691.21,136.00910910869564
1692.04,146.3023701513043
1692.86,134.4093759121739
1693.69,153.35664975956522
1694.52,155.88280204652176
1695.34,166.31639960652174
1696.17,173.92700927608695
1696.99,189.11280663043476
1697.82,175.78770627869565
1698.64,194.1765794417392
1699.47,204.53521028391305
1700.29,201.54116564695659
1701.12,211.68522971391306
1701.94,213.5477518886957
1702.77,226.1065163791304
1703.59,241.39013340217392
1704.41,254.36816977391302
1705.24,260.3583226508696
1706.06,289.66659361739136
1706.88,295.08850588695657
1707.71,318.9491914521739
1708.53,338.2012170043478
1709.35,336.6092797430435
1710.17,391.6220332913043
1711.0,399.35234866086967
1711.82,413.14666215217386
1712.64,434.0353664739131
1713.46,472.9816369695652
1714.28,496.8529533434783
1715.1,494.7801430478262
1715.92,543.1309031347826
1716.74,551.6588436695652
1717.56,593.9467920695653
1718.38,618.6471844652174
1719.2,656.609196078261
1720.02,672.6516977130434
1720.84,702.6296906956521
1721.66,749.8519154130433
1722.48,782.7855469347826
1723.3,823.3714125086955
1724.11,853.8527742608698
1724.93,871.6889811434783
1725.75,890.1324254217388
1726.57,939.0990215913044
1727.39,952.7147267565217
1728.2,982.5306292000001
1729.02,990.089251573913
1729.84,995.9300730086956
1730.65,1021.0847902347825
1731.47,1006.6434040782611
1732.29,1027.8025675434787
1733.1,1004.5498467043478
1733.92,1006.9627204652171
1734.73,1011.1844072434782
1735.55,979.4096467478262
1736.36,958.3741352347826
1737.18,932.1164821217396
1737.99,906.7794272565217
1738.81,863.5518840652173
1739.62,820.3785489434783
1740.43,805.8800745826085
1741.25,751.326896182609
1742.06,707.1260577565217
1742.87,677.7537336043478
1743.69,625.1474025304349
1744.5,598.827412673913
1745.31,550.7039383130434
1746.13,511.9861537956523
1746.94,472.73688550434775
1747.75,423.2491772652174
1748.56,371.32315981695643
1749.37,336.12635521260876
1750.18,310.9716767443479
1750.99,327.3316464304347
1751.81,271.46761236913045
1752.61,253.33344436173908
1753.42,238.07905568782607
1754.24,213.1111422552174
1755.04,209.60613900086955
1755.85,182.50182882478254
1756.66,174.57999447913042
1757.47,163.1291840078261
1758.28,163.01509325826086
1759.09,144.1968658726087
1759.9,157.98059335086955
1760.71,133.43061933260867
1761.52,137.94391354565218
1762.32,133.87311528826086
1763.13,122.28942469739125
1763.94,94.95082021347825
1764.74,103.55657585999997
1765.55,98.73810483652176
1766.36,107.58350291565218
1767.17,104.4199267673913
1767.97,112.9427112847826
1768.78,91.59993920739133
1769.58,92.95493672695653
1770.39,62.23558222369567
1771.19,82.3731714543478
1772.0,85.78611321608697
1772.8,70.28139457956522
1773.61,71.28609822652173
1774.41,88.69441557869564
1775.22,70.67240757478261
1776.02,51.631709104086966
1776.83,70.49091587913045
1777.63,57.581015194782616
1778.43,62.01755081286958
1779.23,56.95165782086956
1780.04,53.75678436000001
1780.84,56.273308984260865
1781.64,75.06481024521737
1782.44,59.99697543217391
1783.25,68.41334834217389
1784.05,65.9932075652174
1784.85,71.94353604130434
1785.65,72.84953841130435
1786.45,65.69734108747825
1787.25,71.09976612173914
1788.05,68.48580076434783
1788.86,62.50943228173913
1789.65,52.52124358156521
1790.46,62.72624799217392
1791.25,56.83864581847824
1792.05,45.44303734765218
1792.85,64.85533590130436
1793.65,61.43907222913043
1794.45,58.760685749565226
1795.25,46.784885454956516
1796.05,43.78375424717391
1796.85,48.96063154965218
1797.64,48.444708950652185
1798.44,69.1030217473913
1799.24,52.81095742652174
1800.04,74.70494694913046
1800.83,61.23070386434784
1801.63,70.86781129217391
1802.43,68.4626175847826
1803.22,70.05674497869565
1804.02,53.9917113673913
1804.82,54.0208607272174
1805.61,64.60224580391305
1806.41,63.62858018347826
1807.2,66.8355122552174
1808.0,81.56954256217391
1808.79,49.2278847008261
1809.59,60.747517489999986
1810.38,76.5183283869565
1811.18,87.1543396930435
1811.97,70.22277804043475
1812.76,61.5966004568261
1813.56,66.25973790869566
1814.35,72.80199093086956
1815.14,66.92676872173912
1815.94,81.70020659521741
1816.73,67.96506592652173
1817.52,67.27786027391303
1818.31,65.86861622130435
1819.1,49.81259514147826
1819.9,63.25839319565217
1820.69,47.69615442391306
1821.48,56.88258376043478
1822.27,66.96414262043479
1823.06,76.82881419434783
1823.85,52.682103378260884
1824.64,64.85353682260869
1825.43,61.180115197391316
1826.22,65.23953044826088
1827.01,55.18731366930435
1827.8,75.62106551652175
1828.59,68.86497358695651
1829.38,79.02541243565217
1830.17,67.11056096478262
1830.96,61.675919823652166
1831.74,77.7429896247826
1832.53,70.44902319652174
1833.32,56.70332549569565
1834.11,63.57868844956523
1834.89,53.31998224995653
1835.68,63.19634664782608
1836.47,66.00137796956521
1837.26,59.08172473747827
1838.04,64.34337457913043
1838.83,49.00794124682608
1839.61,70.96717756913044
1840.4,68.50051477913044
1841.19,74.94240582086957
1841.97,60.5385819195652
1842.76,67.26521775913042
1843.54,72.0278575821739
1844.33,87.70764128565219
1845.11,50.55601746217391
1845.89,61.41154774769566
1846.68,69.23653723869565
1847.46,48.158834510565214
1848.25,58.487527280782615
1849.03,61.424564116086955
1849.81,64.44527618782608
1850.6,77.14496860521737
1851.38,68.54472034999999
1852.16,72.04810607565219
1852.94,65.92008303534783
1853.72,75.6154519456522
1854.51,86.85741788608695
1855.29,62.52733810086958
1856.07,69.19158286913043
1856.85,90.65975724347827
1857.63,68.77681411869564
1858.41,66.68439767391305
1859.19,56.59276947956523
1859.97,61.68537371156522
1860.75,63.61575888856522
1861.53,86.93573440521739
1862.31,77.09593572608695
1863.09,78.18471571130432
1863.87,60.19146635173913
1864.65,58.34346222973914
1865.43,68.3090561952174
1866.21,52.293192392826086
1866.99,70.05844106826088
1867.76,75.25768113086954
1868.54,75.94644803434782
1869.32,70.54748591260869
1870.1,70.2380780273913
1870.87,76.27590328565218
1871.65,67.13125799608696
1872.43,65.48996018130435
1873.2,77.61552353739127
1873.98,67.23952694956522
1874.76,77.06812322782608
1875.53,77.96879560869566
1876.31,85.32400994391304
1877.08,60.322427718260876
1877.86,77.40336258173912
1878.63,89.3207369021739
1879.41,70.09879476913042
1880.18,83.85596721782609
1880.96,69.61072007521737
1881.73,63.6168887143478
1882.5,84.89985633913044
1883.28,49.99684965130433
1884.05,73.58432138652174
1884.82,67.49652430652174
1885.6,71.99712857695654
1886.37,97.30253041782609
1887.14,67.93882605304347
1887.91,68.91608997391305
1888.68,67.06433143739132
1889.46,85.58099883434781
1890.23,86.59130577869564
1891.0,89.70083107869566
1891.77,75.07615354652174
1892.54,83.8732128621739
1893.31,55.44645740739131
1894.08,73.60475292695652
1894.85,76.79226083086955
1895.62,93.56243383217392
1896.39,80.18248986043479
1897.16,83.46981638260873
1897.93,83.99939217869564
1898.7,86.56293517608695
1899.47,104.80990674956522
1900.24,60.8195682847826
1901.01,105.18701593652176
1901.77,84.29317628826088
1902.54,73.14867159130435
1903.31,71.96674147130435
1904.08,85.55846466565218
1904.84,83.5287329752174
1905.61,90.08620340434781
1906.38,65.02738078391303
1907.14,77.61312645913043
1907.91,79.45194525173915
1908.68,90.6958897947826
1909.44,82.30205186913042
1910.21,88.16977105869564
1910.97,83.78114347478261
1911.74,89.97622608826087
1912.51,97.04253675043478
1913.27,80.53794111086958
1914.03,84.44269178826089
1914.8,90.67043269999998
1915.56,81.30041210565217
1916.33,87.54841304086958
1917.09,95.86292288043478
1917.85,76.84095945695651
1918.62,86.95274489695652
1919.38,77.29341006695653
1920.14,66.98320754043479
1920.9,92.69795946086955
1921.67,89.78274450217391
1922.43,90.14274131173913
1923.19,77.12021549347824
1923.95,98.51758918739131
1924.71,90.8320584243478
1925.47,87.46128881304348
1926.24,112.34199809826083
1927.0,80.86823015217392
1927.76,89.93135054695651
1928.52,107.5947726956522
1929.28,95.02496217217391
1930.04,82.79952802826087
1930.8,99.95830104869565
1931.56,93.1353685321739
1932.32,99.1196525673913
1933.08,96.59135347956523
1933.83,86.55228466086956
1934.59,101.25988121739128
1935.35,95.07155650956521
1936.11,100.45634129608696
1936.87,88.11508372304347
1937.62,69.54873192130434
1938.38,93.87389055260869
1939.14,100.83421209000001
1939.89,104.57381421913044
1940.65,96.88916246739133
1941.41,94.36343536434786
1942.16,100.11324190565219
1942.92,87.67103454608697
1943.68,104.47312660869567
1944.43,110.75033140086961
1945.19,102.87152310869564
1945.94,113.3833106856522
1946.7,103.40944223260867
1947.45,90.47347016304347
1948.21,91.29457733869563
1948.96,110.30083359434784
1949.71,107.89535651434784
1950.47,96.2095376852174
1951.22,98.40866860608695
1951.98,101.81724953913044
1952.73,87.21490677869564
1953.48,107.73583619217393
1954.23,107.0327988743478
1954.99,116.29552110304347
1955.74,92.32480310826087
1956.49,112.85054072347828
1957.24,107.95797763826087
1957.99,123.18374011608692
1958.75,103.39131532391305
1959.5,104.05239471434783
1960.25,115.47730023086957
1961.0,102.09006681217389
1961.75,92.11685115347827
1962.5,108.26220559521738
1963.25,104.49669550434781
1964.0,116.27172974260868
1964.75,108.96735626478258
1965.5,96.99216654086953
1966.25,111.4349476556522
1967.0,107.96413453130431
1967.74,130.9486838121739
1968.49,104.99659128347827
1969.24,118.89887010913044
1969.99,106.31659865391302
1970.74,94.21573791434781
1971.48,94.85044015130434
1972.23,125.36839678913046
1972.98,112.21548183260867
1973.73,113.93232143739132
1974.47,112.21286790347827
1975.22,107.47130389782609
1975.96,122.11317732999998
1976.71,111.12967522130435
1977.46,101.1269846047826
1978.2,113.49078381086956
1978.95,114.4129554826087
1979.69,113.99075186695654
1980.44,109.62480344130432
1981.18,126.15174068130435
1981.93,98.34629406086955
1982.67,117.32332014130434
1983.41,114.09945371999999
1984.16,122.17773831478264
1984.9,107.5051347973913
1985.64,108.04507362304346
1986.39,104.37292437521738
1987.13,115.56450008826086
1987.87,97.0279399
1988.61,96.69176119304349
1989.36,108.94198134130436
1990.1,102.64313946826087
1990.84,117.1436573073913
1991.58,122.0742695843478
1992.32,129.95611978304348
1993.06,92.01364262695652
1993.81,99.26477722043481
1994.55,106.58304090869565
1995.29,119.54344232434782
1996.03,118.06695102652175
1996.77,108.49038864043476
1997.51,115.72184209956518
1998.24,102.58333304173914
1998.98,119.4183875091305
1999.72,128.66134455739132
2000.46,103.99965190565216
2001.2,117.89855730782605
2001.94,110.49495633130435
2002.68,119.99677929565217
2003.41,109.1895130747826
2004.15,106.7739314569565
2004.89,107.44796912260865
2005.63,125.42107377173912
2006.36,114.88118009782606
2007.1,102.02617053782609
2007.84,99.16222760086954
2008.57,116.73037286173914
2009.31,111.38246274130434
2010.05,95.90842313913042
2010.78,109.65800610086956
2011.52,101.5739810378261
2012.25,108.38665646782606
2012.99,118.47864528521741
2013.72,110.60236037434782
2014.46,119.23875369304349
2015.19,97.93235120347826
2015.92,120.79840486478264
2016.66,108.00301882043475
2017.39,123.68580594652175
2018.13,110.71695300217391
2018.86,117.60720324565217
2019.59,104.34074342304348
2020.32,105.65675158869568
2021.06,113.47179275260872
2021.79,105.42821014869565
2022.52,104.94076878826085
2023.25,98.6421727552174
2023.98,116.84946966956522
2024.72,92.50613754086957
2025.45,110.90048480608694
2026.18,119.83715035043478
2026.91,122.69503392434781
2027.64,119.07225265304346
2028.37,109.20062800826089
2029.1,121.57302057608696
2029.83,126.39032577999998
2030.56,130.6472084773913
2031.29,132.58602497608697
2032.02,134.84992276478258
2032.75,115.1496189404348
2033.47,112.56538713130435
2034.2,103.27876180782607
2034.93,113.42248177565216
2035.66,107.14655541217391
2036.39,116.43846501347824
2037.11,127.66961460173913
2037.84,113.47010816913043
2038.57,120.75065843652176
2039.3,111.56738680260867
2040.02,126.14564074347827
2040.75,118.83298075217392
2041.47,127.73259778913044
2042.2,110.82297412217389
2042.93,116.28742674130436
2043.65,111.60003353608695
2044.38,111.03360718304349
2045.1,109.46372120695655
2045.83,125.24850130608694
2046.55,113.63953838000002
2047.28,127.32385813260868
2048.0,117.93155144956523
2048.73,112.46780488086956
2049.45,114.37973975695651
2050.17,115.00054260826084
2050.9,121.38887388086958
2051.62,124.92844619000002
2052.34,118.54595040217393
2053.07,115.64879912521738
2053.79,118.64669624304351
2054.51,121.34202828521742
2055.23,129.7208208673913
2055.95,125.90240831260871
2056.68,115.75197712173915
2057.4,116.24336594347825
2058.12,131.99332646434786
2058.84,140.64988864869565
2059.56,129.53195636
2060.28,130.34136388130437
2061.0,119.33945851565214
2061.72,126.22609632608696
2062.44,117.8816245952174
2063.16,128.7184776095652
2063.88,121.59728960434782
2064.6,127.5950252973913
2065.32,127.36744936652175
2066.03,136.68248301478258
2066.75,136.813495243913
2067.47,126.2710637952174
2068.19,132.8575489647826
2068.91,138.69071978434783
2069.62,131.70349739304348
2070.34,135.77493777391305
2071.06,128.4372707547826
2071.77,138.24314359826093
2072.49,144.38852528652177
2073.21,131.5184804047826
2073.92,131.04710406782607
2074.64,119.80208257956521
2075.36,120.79368491391308
2076.07,131.17589304739127
2076.79,129.7331715991305
2077.5,137.57125470043476
2078.22,123.47851563956522
2078.93,124.3015059386957
2079.64,126.36009456565218
2080.36,121.05181559478261
2081.07,122.82866406521741
2081.79,128.65115667565215
2082.5,133.99987973782612
2083.21,131.8202847482609
2083.93,133.85175362826087
2084.64,128.89115526521738
2085.35,138.70235419086953
2086.07,134.1495540552174
2086.78,120.76707590391304
2087.49,145.45857989086957
2088.2,136.40806094304347
2088.91,133.71566186608695
2089.62,137.0807949165218
2090.33,144.77050290347825
2091.04,141.25659809391308
2091.76,125.65286673347826
2092.47,117.90733413260867
2093.18,133.0641430230435
2093.89,137.95768832695654
2094.6,127.80786924173911
2095.3,153.84201112304345
2096.01,142.67892619826083
2096.72,140.7795615356522
2097.43,138.91782069739133
2098.14,132.80260723521735
2098.85,135.85585946956522
2099.56,135.9985635652174
2100.09,120.68296651304345
2100.87,148.13226320434782
2101.65,136.62036145086955
2102.43,144.22253870695656
2103.21,140.47282892565218
2103.99,131.22967040347825
2104.77,152.24610140434785
2105.55,136.48415588391305
2106.32,124.05848514347825
2107.1,132.4240013569565
2107.88,139.1521210656522
2108.66,139.9182390152174
2109.44,129.14362827086958
2110.22,132.77897053826086
2110.99,150.59511274347824
2111.77,131.87699313
2112.55,152.5495542704348
2113.33,143.4949213343478
2114.1,144.40299339956528
2114.88,145.29606954652175
2115.66,136.9475879986956
2116.43,140.3780695321739
2117.21,160.14570886521736
2117.99,159.9320615695652
2118.76,136.26945278869565
2119.54,151.58016415826089
2120.31,170.67325124782604
2121.09,147.38355653826085
2121.86,143.31350513956522
2122.64,138.11094391956522
2123.41,148.03985880521736
2124.19,145.10463144391304
2124.96,163.7335129730435
2125.74,135.73885023434778
2126.51,128.76611174173914
2127.28,156.62329649565217
2128.06,152.39223391913046
2128.83,159.25124032043482
2129.61,151.59389294347827
2130.38,136.4097950865217
2131.15,155.00567178913045
2131.92,147.95660458217392
2132.7,147.78829241956524
2133.47,140.20895159652179
2134.24,157.57602451
2135.01,147.2379796626087
2135.78,135.65907245695652
2136.55,130.69758007000001
2137.33,140.51819268826085
2138.1,135.53346575608694
2138.87,148.15694158913044
2139.64,144.86811908913043
2140.41,133.93616668391306
2141.18,134.88637888956518
2141.95,158.18837631521737
2142.72,164.97955781304347
2143.49,130.38433525391306
2144.26,142.68158138217393
2145.03,166.94614726
2145.8,138.3836968873913
2146.57,146.91447255913042
2147.33,145.62656005695652
2148.1,150.5817929847826
2148.87,155.90839185913043
2149.64,158.70831203304348
2150.41,114.01372617130433
2151.17,127.23937654652171
2151.94,131.16558803695654
2152.71,136.51952025434784
2153.48,137.7151241634783
2154.24,132.8919072021739
2155.01,127.25625075869564
2155.78,137.5758970078261
2156.54,125.74450560652176
2157.31,149.42013614826084
2158.08,139.80800475652174
2158.84,119.69849709173911
2159.61,136.3854901356522
2160.37,133.24865654956523
2161.14,130.74596020869566
2161.9,127.84739113391302
2162.67,139.67610455869564
2163.43,127.54449044782606
2164.2,147.69799097304343
2164.96,148.71006132130435
2165.72,158.03520020000005
2166.49,142.41338447956522
2167.25,130.22664762826088
2168.01,118.72669264086956
2168.78,137.4804529369565
2169.54,151.15091412434782
2170.3,139.05124874
2171.07,141.05802061391307
2171.83,142.0439979521739
2172.59,143.44651413739132
2173.35,147.05110255869565
2174.11,129.40890530956523
2174.88,145.10971226608694
2175.64,139.57955681304347
2176.4,125.15836360434783
2177.16,121.24312689739129
2177.92,137.84195392304346
2178.68,141.11176065608694
2179.44,152.3550891378261
2180.2,131.52950747608696
2180.96,135.46764898869566
2181.72,143.77607745652173
2182.48,159.85870008260872
2183.24,145.35718497347827
2184.0,149.23558283565217
2184.76,177.74892257826087
2185.52,154.95662449
2186.28,154.46652183913042
2187.04,144.02077832782606
2187.79,154.34064026521742
2188.55,170.02507136521743
2189.31,152.99185704478262
2190.07,176.74015663043477
2190.83,172.45454252608693
2191.58,183.0036696913044
2192.34,163.02536697391298
2193.1,158.8038328665217
2193.85,169.5325309721739
2194.61,165.9216380043478
2195.37,174.0077175826087
2196.12,176.52622896521737
2196.88,166.03146624347826
2197.63,180.25359737391307
2198.39,153.33509462260872
2199.15,161.0340781347826
2199.9,167.03735497260874
2200.66,173.04863219347826
2201.41,157.7723212169565
2202.16,168.62953342608697
2202.92,165.02330192173912
2203.67,171.0036859565217
2204.43,158.39685340739132
2205.18,169.81596343913048
2205.93,158.21207963391305
2206.69,151.13600462173915
2207.44,163.13227579869562
2208.19,145.59928286130437
2208.95,151.76176313478263
2209.7,157.93334971
2210.45,163.67718870434783
2211.2,138.36930880739132
2211.95,165.97353438260873
2212.71,155.43994625956518
2213.46,154.2224948852174
2214.21,160.98497851347827
2214.96,148.44196056130434
2215.71,159.8198914521739
2216.46,162.3215085217391
2217.21,170.39997958739127
2217.96,152.27045495086955
2218.71,171.80101984347823
2219.46,157.9318028678261
2220.21,166.07029785652176
2220.96,158.02398993434784
2221.71,161.24727730086954
2222.46,147.5573189608696
2223.21,167.59070872869566
2223.96,155.80216651739127
2224.71,184.7583469652174
2225.46,170.4435221247826
2226.21,185.20983796086958
2226.95,187.00063171739131
2227.7,187.42403629130433
2228.45,177.69181501521737
2229.2,201.35040507826088
2229.94,210.02250896956522
2230.69,242.8153551782609
2231.44,266.0248330782609
2232.18,270.0708320434783
2232.93,270.64839360869564
2233.68,301.8886462434782
2234.42,308.6940227565217
2235.17,320.50634726521747
2235.92,311.75248732608696
2236.66,324.72061486956517
2237.41,328.97916263913044
2238.15,303.61217212608693
2238.9,333.6896412304348
2239.64,324.79091577826085
2240.38,307.0019067173913
2241.13,284.3589163130435
2241.87,246.65802943913042
2242.62,258.05220053043473
2243.36,223.5144448652174
2244.1,228.73422985652175
2244.85,208.24981864347825
2245.59,196.56342208695648
2246.33,206.6764554521739
2247.08,170.4072165478261
2247.82,200.370625
2248.56,196.35416991304345
2249.3,175.018827373913
2250.05,169.91860389130437
2250.79,174.3797059521739
2251.53,168.3068922121739
2252.27,171.9374561608696
2253.01,185.09677377826083
2253.75,155.7072341778261
2254.49,159.7531612143478
2255.23,162.57676132652176
2255.97,159.48067575695651
2256.71,175.47186309565217
2257.45,155.94123848608692
2258.19,163.40939966869564
2258.93,161.56418349565217
2259.67,158.85670069999998
2260.41,139.25444465217396
2261.15,159.8212478452174
2261.89,154.9659558104348
2262.63,164.66403575956522
2263.36,167.1131332282609
2264.1,154.2779980526087
2264.84,153.27682792434783
2265.58,151.82947263695655
2266.32,151.46450810782605
2267.05,150.09291897086953
2267.79,165.9354289047826
2268.53,147.0903703473913
2269.26,161.34370614608696
2270.0,179.18994694782614
2270.74,157.5241599265217
2271.48,152.59809485304348
2272.21,157.42211889217387
2272.95,160.69052964347827
2273.68,162.480950743913
2274.42,144.31589716434783
2275.15,167.96054041304345
2275.89,160.25025629130434
2276.62,176.49431188739123
2277.36,153.62253521086956
2278.09,158.1845585791304
2278.83,156.52094907173915
2279.56,162.43428249
2280.29,169.88758239695656
2281.03,155.26076373
2281.76,161.43344136782608
2282.49,164.74801715304352
2283.23,158.13126682043477
2283.96,172.22755304782606
2284.69,160.19825597304344
2285.42,164.49489908869566
2286.16,159.78961030826082
2286.89,164.64478708782607
2287.62,153.75729204347826
2288.35,154.0392704869565
2289.08,153.20253722434782
2289.81,166.60036355217397
2290.55,150.39783822217393
2291.28,160.64260209130433
2292.01,159.75067867782613
2292.74,155.28241750521738
2293.47,155.77302468478263
2294.2,143.2680975643478
2294.93,158.72945962217395
2295.66,146.10756907478262
2296.39,153.9811580526087
2297.11,135.23263696347823
2297.85,146.59142921565217
2298.57,156.10407563652174
2299.3,156.2427430995652
2300.03,158.53823764086957
2300.76,149.65642613304342
2301.49,141.58839716173915
2302.22,144.53573501869568
2302.94,143.02738913000002
2303.67,146.24222635826087
2304.4,142.71011789391304
2305.12,173.71180449000002
2305.85,152.48860513217392
2306.58,165.2073866582609
2307.31,144.44534630478262
2308.03,166.19097697391305
2308.76,162.83277154304344
2309.48,148.66639244826086
2310.21,169.0324064826087
2310.93,144.89371519434783
2311.66,136.87897668739132
2312.38,137.61584463521737
2313.11,135.2986336382609
2313.83,144.5737235113043
2314.56,164.7872592217391
2315.28,141.80800750869565
2316.01,140.09281337826087
2316.73,134.9600174421739
2317.45,150.521669023913
2318.18,156.32942614
2318.9,138.94721201173914
2319.62,136.99407159565217
2320.35,142.62183679173913
2321.07,148.1940220717391
2321.79,148.6191419647826
2322.52,152.29176312173908
2323.24,153.07127831173912
2323.96,123.09553239956519
2324.68,126.82254857217389
2325.4,117.13614997608694
2326.12,115.04377714869563
2326.84,107.26512716956525
2327.56,107.83576228043478
2328.29,86.67144039304348
2329.01,87.68577695160872
2329.73,80.52193771508696
2330.45,92.11707272130434
2331.17,98.56661494652171
2331.89,109.15273312260867
2332.61,131.93382428391303
2333.32,127.46817673130433
2334.04,125.3250874734783
2334.76,153.67182302999998
2335.48,125.00413261130436
2336.2,134.37679574434785
2336.92,146.93691813695654
2337.64,126.22209237130433
2338.35,124.27970673913042
2339.07,129.33978426391303
2339.79,146.56368709130436
2340.51,130.7052034643478
2341.23,119.39547381086955
2341.94,118.60106459869561
2342.66,124.04847274130432
2343.37,125.31431689347828
2344.09,138.54491134652176
2344.81,142.29631820217392
2345.52,116.43990392695652
2346.24,126.11706974347827
2346.95,122.24952121608695
2347.67,130.9207726078261
2348.38,132.32945556521742
2349.1,129.80622780043478
2349.82,128.1613035743478
2350.53,114.17623621913046
2351.24,107.73634433478259
2351.96,117.89073341826084
2352.67,116.92332639869565
2353.39,127.06201139086957
2354.1,125.9065808352174
2354.81,128.1881054743478
2355.53,116.86979512217394
2356.24,123.76019875391303
2356.95,110.4848479269565
2357.66,122.48017854304351
2358.38,119.73740478130436
2359.09,116.91430163347827
2359.8,113.3914293513478
2360.51,120.83790293434782
2361.22,116.98267914434786
2361.94,127.07005642652176
2362.65,128.01176630608697
2363.36,129.7030446421739
2364.07,107.7644011773913
2364.78,118.00506741391305
2365.49,132.6078530921739
2366.2,134.9961157743478
2366.91,144.14779563086955
2367.62,132.95935454000002
2368.33,114.4736326847826
2369.04,111.90527193434782
2369.75,114.66207242217392
2370.46,135.63165776260868
2371.16,123.32222721130437
2371.87,122.66029045391306
2372.58,121.81797019434782
2373.29,132.7216456869565
2374.0,137.42502223652173
2374.71,111.36705732956523
2375.41,132.69056060695652
2376.12,119.78730692652177
2376.83,115.7921854926087
2377.53,128.16176722956524
2378.24,129.50077874347826
2378.95,132.09058916652174
2379.65,121.32769943652173
2380.36,124.92720177086959
2381.07,133.5243448691304
2381.77,130.34572529043476
2382.48,126.94176956008697
2383.18,122.88898856434783
2383.89,137.19622532999998
2384.59,148.43543333739126
2385.3,147.7034308321739
2386.0,152.11324474956518
2386.71,128.02819330652179
2387.41,98.06509343173911
2388.12,115.10501943347826
2388.82,150.33550299
2389.52,127.84882012695654
2390.23,127.2509847147826
2390.93,107.44894970286956
2391.63,154.33443762956523
2392.34,111.56817101913042
2393.04,126.44264193565213
2393.74,130.27575986130435
2394.44,151.5087994547826
2395.15,143.48881802956524
2395.85,128.84029890565216
2396.55,136.46813848652172
2397.25,148.3743766421739
2397.95,122.04629668521738
2398.65,133.27709066565217
2399.35,119.09128536630436
2400.05,109.9030858378261
2400.75,147.50655799565217
2401.45,127.1709895
2402.15,126.52758101217391
2402.85,170.10191148478265
2403.55,119.20273810869567
2404.25,127.15390500608693
2404.95,130.98839545173914
2405.65,139.5724057452174
2406.35,142.50824520739127
2407.05,134.23742753434786
2407.75,127.6871359526087
2408.44,132.41815801913043
2409.14,121.0270161021739
2409.84,147.1421368847826
2410.54,161.13016442956524
2411.24,128.61572977347828
2411.93,122.69913783347825
2412.63,153.95276745782604
2413.33,131.72164963478258
2414.02,120.99229797608696
2414.72,134.6823478156522
2415.42,129.0161648852174
2416.11,128.95109758
2416.81,137.9446072847826
2417.5,140.78496843826085
2418.2,151.2690554726087
2418.9,126.55600366434784
2419.59,111.37863525739128
2420.28,136.58993335869565
2420.98,119.02028539608693
2421.67,144.91094838130437
2422.37,115.10507061260869
2423.06,138.37620471391307
2423.75,124.59931637999998
2424.45,148.8042234273913
2425.14,110.90743934869563
2425.84,137.76988197521737
2426.53,118.32377781652171
2427.22,116.0013186032609
2427.91,124.0180656169565
2428.61,114.5710148991304
2429.3,123.91582338869566
2429.99,122.67088277434779
2430.68,115.28718040608692
2431.37,123.33162969521743
2432.07,111.87182233130434
2432.76,134.27520214043477
2433.45,131.96601732478263
2434.14,118.00426823043473
2434.83,94.23869259552175
2435.52,120.58135248043477
2436.21,121.80635176434782
2436.9,119.60463604130433
2437.59,111.8487796169565
2438.28,126.90441762260868
2438.97,113.18865478130431
2439.66,129.83371751695648
2440.35,119.14336706478261
2441.04,109.14510375217392
2441.72,104.18590618565221
2442.41,103.67456599891302
2443.1,127.0312356726087
2443.79,122.66327202000002
2444.48,113.09966662347824
2445.16,125.63277192173909
2445.85,108.17986643173911
2446.54,111.74282433086954
2447.23,116.59592847217391
2447.91,97.22880083652176
2448.6,114.9873416582609
2449.29,110.96321638999999
2449.97,130.48602090347828
2450.66,94.85350758582608
2451.34,132.82885490782607
2452.03,117.61401088913048
2452.72,122.40871922565218
2453.4,119.75120616956524
2454.09,120.62828060130434
2454.77,102.58145575130433
2455.46,110.09587961434784
2456.14,146.86355668130432
2456.82,108.8852045104348
2457.51,111.28602326434785
2458.19,123.20304783782609
2458.88,129.60388707869566
2459.56,121.70421502130435
2460.24,123.65973178956523
2460.92,131.6133896826087
2461.61,122.94939747478257
2462.29,120.39496833608695
2462.97,146.42900668391303
2463.66,123.32272131173913
2464.34,117.73005577652172
2465.02,135.36914492956518
2465.7,117.13744537260867
2466.38,129.92089626565217
2467.06,123.44013680260866
2467.75,114.8423235513044
2468.42,109.37443481130437
2469.11,131.08054451521735
2469.79,127.15652227869566
2470.47,116.48409416956521
2471.15,143.23057326869565
2471.83,152.7722726078261
2472.51,147.39824001086956
2473.19,114.73952766086956
2473.86,124.77563116347822
2474.54,124.00945485130437
2475.22,111.41114217086957
2475.9,117.73311916565216
2476.58,110.32441623608696
2477.26,125.34098114217392
2477.94,120.72803992173915
2478.61,107.68316641869568
2479.29,106.77461707826089
2479.97,121.10569617217394
2480.65,106.34379491782606
2481.32,119.55183931869564
2482.0,94.66806404695652
2482.68,122.8362429021739
2483.35,106.48826276913042
2484.03,96.30289739565217
2484.71,109.59795537999996
2485.38,110.66502354217393
2486.06,101.51471479565217
2486.73,96.98833333304347
2487.41,111.44183554217388
2488.08,91.93350821043477
2488.76,95.19042075304348
2489.43,96.98934256130431
2490.11,109.31231694434781
2490.78,109.92502633347829
2491.45,84.5258314022609
2492.13,112.4469363147826
2492.8,86.56325826347826
2493.48,82.34775791869565
2494.15,110.12350028086959
2494.82,113.58811123478263
2495.49,88.52392967334782
2496.17,93.82618146217392
2496.84,101.43576202652173
2497.51,100.58044502695651
2498.18,91.22482153995654
2498.86,98.49280869304347
2499.53,95.60714970000002
2500.2,94.44587476086957
2500.87,115.30634879478262
2501.54,105.17625849043479
2502.21,107.04813836086956
2502.88,105.00571853913043
2503.55,105.15105092130432
2504.22,105.69832215000001
2504.89,124.08030148695653
2505.56,94.97058428043476
2506.23,116.80960934130435
2506.9,102.98308503347825
2507.57,127.24244581043473
2508.24,113.8408782973913
2508.91,110.70373432130437
2509.58,100.99199179739132
2510.25,97.39740254347828
2510.91,111.36538358391302
2511.58,94.80152585486958
2512.25,130.9717550804348
2512.92,102.50034912608695
2513.59,110.66362066826085
2514.25,95.27191278147824
2514.92,94.93236420086957
2515.59,100.12798321
2516.25,107.1738172369565
2516.92,108.75273107565218
2517.59,97.32606779130435
2518.25,101.12471825086955
2518.92,104.02921245739131
2519.58,88.62885433113043
2520.25,97.6168042773913
2520.91,90.7534575126087
2521.58,100.81053530695654
2522.24,82.58972851956524
2522.91,98.95758014565216
2523.57,99.80163754086959
2524.24,99.6171045826087
2524.9,95.72443294260869
2525.56,93.23213519739129
2526.23,90.63285431347826
2526.89,104.49710717652175
2527.55,92.4780367742174
2528.22,94.07166432478259
2528.88,93.99329365478262
2529.54,103.82510249565217
2530.21,89.56857729000002
2530.87,91.3494740178261
2531.53,87.84523126521741
2532.19,102.87669196260872
2532.85,119.35439469521737
2533.51,100.95929107956523
2534.18,85.49841533782609
2534.84,85.13812775565219
2535.5,93.61599734391304
2536.16,93.40129306695654
2536.82,93.3481969747826
2537.48,79.77013019004347
2538.14,94.64338344173912
2538.8,93.91475611869565
2539.46,71.71748675208694
2540.12,75.8175138491739
2540.78,73.03200201969567
2541.44,89.47959862130433
2542.09,93.1040814395652
2542.75,92.94739345695649
2543.41,91.4936689826087
2544.07,88.59853796999998
2544.73,91.32903034304346
2545.39,92.08405864956524
2546.04,86.77149194391305
2546.7,100.57226450173913
2547.36,85.0904453676087
2548.02,93.93572967678261
2548.67,100.54549950173914
2549.33,99.83030214347829
2549.98,99.40468053521742
2550.64,110.99194284173912
2551.3,100.16755373347824
2551.95,91.03343871765219
2552.61,91.22924508173911
2553.26,95.48885488
2553.92,107.15264577565218
2554.57,92.88014330826087
2555.23,107.77358600434782
2555.88,124.92679503913043
2556.54,117.51893936217394
2557.19,121.86997056782609
2557.85,87.84401415047827
2558.5,109.93149991086955
2559.15,134.00811855869563
2559.81,141.4620825017391
2560.46,141.5960824478261
2561.11,126.10028727130435
2561.77,141.81260510391306
2562.42,128.3073352552174
2563.07,129.1392988117391
2563.72,128.6327081921739
2564.37,159.10460183130436
2565.03,133.34497474217392
2565.68,136.93412622739132
2566.33,136.2692686504348
2566.98,131.70726654869566
2567.63,130.1118540217391
2568.28,121.17567816782609
2568.93,130.82186439217392
2569.58,147.91440763260871
2570.23,120.29121585826084
2570.88,133.88511009043475
2571.53,150.3345635043478
2572.18,143.40074495304347
2572.83,144.77082324695652
2573.48,149.44970631130437
2574.13,135.64734561173913
2574.78,133.30890991739133
2575.43,143.62543760260868
2576.07,127.8962713813044
2576.72,123.34201480565217
2577.37,124.51214102826088
2578.02,138.90190575913041
2578.67,122.59817344173915
2579.31,102.38341717695651
2579.96,114.05541440869563
2580.61,118.64642087260872
2581.26,108.16834441739132
2581.9,117.35987555173914
2582.55,108.93748733782608
2583.19,111.28060939652175
2583.84,130.92897566695652
2584.49,104.99875486508698
2585.13,111.35028963304349
2585.78,114.50861823260868
2586.42,95.02517024565219
2587.07,115.98241871782606
2587.71,101.98970627043477
2588.36,100.53046246478259
2589.0,109.80707335565221
2589.65,97.50135981347825
2590.29,108.13657746434784
2590.93,96.82237326869567
2591.58,109.52787236782606
2592.22,94.3676347752174
2592.86,110.61517693086955
2593.51,114.45645013304349
2594.15,102.08436214347824
2594.79,87.90164682734782
2595.43,119.90416846565216
2596.07,104.49061743608694
2596.72,99.44755368434781
2597.36,112.71631972608697
2598.0,103.11960592521737
2598.64,70.02901568956521
2599.28,96.13950022652175
2599.92,84.24940206726085
2600.56,92.72315066826086
2601.2,105.99413243782611
2601.85,84.71747292969565
2602.49,96.1550802578261
2603.13,95.26560169434784
2603.76,89.18338014391303
2604.4,82.10667158347826
2605.04,92.34825365434781
2605.68,83.94399103565218
2606.32,85.77527007826089
2606.96,85.57686846695653
2607.6,107.83504212
2608.24,79.03374263434783
2608.88,98.57953025652174
2609.51,86.48831310260869
2610.15,86.70169490695652
2610.79,64.77575766565218
2611.43,72.26384423347827
2612.06,47.44603660195652
2612.7,77.61037328652174
2613.34,56.21180646278261
2613.97,53.56333178347827
2614.61,71.74590204260869
2615.25,83.07920949695651
2615.88,57.30342469652176
2616.52,59.57215292478261
2617.15,49.75430385243478
2617.79,61.744047980869574
2618.42,69.28707757695652
2619.06,53.51521532317391
2619.69,57.248023030000006
2620.33,55.08397555956522
2620.96,52.583808634782606
2621.6,50.766997093043486
2622.23,51.67927665965218
2622.86,56.13212218391304
2623.5,42.308705775869555
2624.13,46.007851728000006
2624.76,41.58799301613043
2625.4,37.47438871382608
2626.03,27.81168918656522
2626.66,37.45471871621739
2627.29,53.14008705869565
2627.93,36.60957788921739
2628.56,45.974105313478276
2629.19,39.164366124304344
2629.82,39.01427450178261
2630.45,57.03144028217391
2631.08,47.27956024782608
2631.71,41.89176597173913
2632.34,24.1617542343913
2632.98,31.857960945130436
2633.61,67.6264315404348
2634.24,55.18212546347826
2634.87,49.193436936956516
2635.5,60.88132538943477
2636.12,54.42070679260872
2636.75,32.53054057147826
2637.38,33.22435137756522
2638.01,37.54453407395653
2638.64,40.069571211086966
2639.27,67.34520706782608
2639.9,63.74022940347827
2640.53,45.342034674782624
2641.15,48.806628025652174
2641.78,52.17127546956522
2642.41,41.61676475869565
2643.04,59.90740538347827
2643.66,65.06055030826086
2644.29,49.10129163130434
2644.92,72.5890257926087
2645.54,38.010540526608686
2646.17,33.00914532586956
2646.8,56.34749749260869
2647.42,37.06573366417392
2648.05,55.40259917834783
2648.67,49.41023136813043
2649.3,50.24315887173914
2649.92,56.62295380173913
2650.55,46.507231753782605
2651.17,49.25308657491304
2651.8,65.1776128078261
2652.42,68.01855715130435
2653.05,52.567840231521735
2653.67,50.739773965565234
2654.29,49.63293115369566
2654.92,48.52818892565218
2655.54,59.172425538260875
2656.16,48.19121489182608
2656.79,63.95200045304348
2657.41,63.94353137521738
2658.03,70.08290463
2658.65,72.35656502652174
2659.27,62.368131256956524
2659.9,74.56700465347825
2660.52,69.89967348682607
2661.14,94.80036516391304
2661.76,68.76261142621742
2662.38,83.97263968173912
2663.0,61.982069616086946
2663.62,68.8061731073913
2664.24,55.874265514173906
2664.86,69.23422738782608
2665.48,82.25950785391304
2666.1,97.42368647869564
2666.72,69.67960367956523
2667.34,77.60101293173913
2667.96,74.2667111776087
2668.58,75.15184317913044
2669.2,67.82307767395652
2669.82,83.68421382608695
2670.44,71.71409807669565
2671.05,74.73501166078259
2671.67,78.26671405252175
2672.29,101.3022742604348
2672.91,94.28284823347828
2673.53,104.13076588000003
2674.14,94.30674831434783
2674.76,84.26960370791303
2675.38,95.8501836521739
2675.99,101.03916583556521
2676.61,120.16222796347827
2677.23,141.96183028999997
2677.84,142.2758679395652
2678.46,178.14636638782608
2679.07,196.9295685495652
2679.69,214.01706512869563
2680.3,243.80722947956517
2680.92,277.3760001030434
2681.53,302.24822860086954
2682.15,343.83485349434784
2682.76,361.1941176460869
2683.38,378.04917695695644
2683.99,393.2444047295652
2684.61,387.63373943043473
2685.22,368.61516305695653
2685.83,349.72644014434786
2686.44,344.97781352304355
2687.06,341.8556999252174
2687.67,324.54673342521744
2688.28,345.6710698860869
2688.9,350.5517781917391
2689.51,344.9366662956522
2690.12,361.5600204652174
2690.73,369.7146921691304
2691.34,372.08975024347825
2691.96,385.52839396086966
2692.57,387.17321386956525
2693.18,392.932930973913
2693.79,396.4141358130435
2694.4,402.7552015608696
2695.01,410.09702306521746
2695.62,404.6354951999999
2696.23,401.23377365652175
2696.84,392.888840326087
2697.45,392.2646769478261
2698.06,393.4803087869564
2698.67,395.3495872130435
2699.28,407.08379833478267
2699.88,386.51914129565216
2700.49,389.88507613043475
2701.1,386.5423237043478
2701.71,393.1965179173913
2702.32,397.885901373913
2702.93,396.5308905826087
2703.53,391.9601194391304
2704.14,416.16491743478264
2704.75,414.72887499130445
2705.36,415.15710423478254
2705.96,423.0735433304348
2706.57,425.63813048260863
2707.17,430.3888473695651
2707.78,433.0917625565218
2708.39,439.8570751173913
2708.99,457.0523753434783
2709.6,469.0120796478261
2710.2,476.13734356521735
2710.81,475.5478878086957
2711.41,492.3322591956522
2712.02,506.8063523521739
2712.62,511.0856705869566
2713.23,514.273238926087
2713.83,520.6679084739131
2714.44,529.8278346913044
2715.04,539.7543034304348
2715.64,553.3289484086956
2716.25,569.3029250173913
2716.85,567.1915625521739
2717.45,583.5477990304348
2718.05,580.2961376478261
2718.66,578.0296033
2719.26,594.4504383260868
2719.86,608.6895806391306
2720.46,608.3137942913045
2721.06,624.9808432478261
2721.67,632.1287958652174
2722.27,642.5581117478262
2722.87,653.0292940217392
2723.47,670.8619761086957
2724.07,673.2523133782609
2724.67,674.016417426087
2725.27,680.1614435565218
2725.71,682.2139381956522
2726.38,703.0447956695652
2727.06,703.8073450478261
2727.73,726.7726979695653
2728.4,713.7730965173913
2729.07,725.0639567
2729.74,727.0219553130435
2730.42,732.3588995826086
2731.09,758.7625532652175
2731.76,749.8374626434784
2732.43,747.5433045999999
2733.1,767.1396253826085
2733.77,764.8401886782607
2734.44,760.9502797565219
2735.11,792.8075319956522
2735.78,799.5594046565217
2736.45,795.5967047521739
2737.12,817.7695001434782
2737.79,839.131815447826
2738.46,842.0220228000002
2739.13,816.7343204869564
2739.8,803.6700808086956
2740.47,809.483632347826
2741.14,813.3429126478262
2741.81,800.970424121739
2742.47,767.3084954826088
2743.14,777.5482380130433
2743.81,767.4580672434782
2744.48,748.6160943565217
2745.15,756.7249957521741
2745.81,722.4691870695651
2746.48,716.1767792739131
2747.15,689.2806228
2747.81,684.0880461347825
2748.48,717.8440732695651
2749.15,674.2227285739132
2749.81,704.4539054391304
2750.48,680.6223674217392
2751.15,664.2428776043478
2751.81,657.672242604348
2752.48,641.9520083652174
2753.14,626.4735032130433
2753.81,579.0371424173915
2754.47,567.2130806434784
2755.14,528.7735590652175
2755.8,499.8640366443479
2756.47,501.98875468260854
2757.13,474.7306502413044
2757.8,465.89900817826083
2758.46,422.4370698347826
2759.13,429.74133746739136
2759.79,404.99600890695643
2760.45,419.6374125165217
2761.12,398.0592243634782
2761.78,405.2847727660869
2762.44,407.7959946865217
2763.1,409.4236532242174
2763.77,384.75142444352167
2764.43,394.8311148811305
2765.09,404.61183595834774
2765.76,387.8662207680435
2766.42,394.81120833539126
2767.08,414.9748705034783
2767.74,425.3278451813043
2768.4,437.28829204813036
2769.06,453.27854469
2769.72,455.82371976695646
2770.38,471.1390208834783
2771.05,500.3604342506522
2771.71,516.1576921378262
2772.37,539.9994422047826
2773.03,555.61615808
2773.69,589.6383135347827
2774.35,637.3532518139131
2775.01,681.5994900721739
2775.67,732.0985019156523
2776.33,790.5901958913043
2776.99,831.8805673773915
2777.64,905.0717855304348
2778.3,979.8042806217393
2778.96,1036.7769174956522
2779.62,1076.722647978261
2780.28,1112.355684821739
2780.94,1140.551327473913
2781.59,1163.3487888434781
2782.25,1154.8196292
2782.91,1132.5654090043479
2783.57,1124.4721234652172
2784.22,1089.3332459478258
2784.88,1092.8849889652172
2785.54,1065.2261302869565
2786.2,1052.5725780434782
2786.85,1058.2368924869565
2787.51,1036.7275034465217
2788.16,1041.0393622826086
2788.82,1028.4926818491306
2789.48,1019.4178914295653
2790.13,1064.4030298043479
2790.79,1059.2096133321738
2791.44,1102.761115509565
2792.1,1102.67787886087
2792.75,1147.4178549043477
2793.41,1143.297951384348
2794.06,1167.1566850826086
2794.72,1171.8166593495655
2795.37,1170.8054775595651
2796.02,1193.8060477534782
2796.68,1236.2900604391307
2797.33,1221.8023359017395
2797.98,1282.803304026087
2798.64,1263.6949160491306
2799.29,1297.7248184434782
2799.94,1296.628919053913
2800.6,1328.3809081247825
2801.25,1363.568693356087
2801.9,1387.5289212565217
2802.55,1419.3655863826086
2803.21,1426.9689006869562
2803.86,1459.7619889130435
2804.51,1493.3328891434778
2805.16,1502.9550738173914
2805.81,1534.741841747826
2806.46,1543.1481004086954
2807.11,1601.5441480956524
2807.77,1648.0431098565218
2808.42,1655.9390230173915
2809.07,1695.6843170260868
2809.72,1709.470507404348
2810.37,1755.9282405956524
2811.02,1799.3391191739129
2811.67,1833.2102245217393
2812.32,1849.6095935391302
2812.97,1912.955351165217
2813.61,1917.2389258652174
2814.26,1955.050354843478
2814.91,1979.5370669391307
2815.56,2013.4682297086958
2816.21,2061.407358817391
2816.86,2110.6549260130437
2817.51,2147.875751221739
2818.15,2173.5320452043475
2818.8,2202.1194972869566
2819.45,2228.576840008696
2820.1,2251.20237146087
2820.74,2291.707867482609
2821.39,2330.1533647739125
2822.04,2392.128900117392
2822.69,2444.757118978261
2823.33,2478.215884269565
2823.98,2493.2661020565215
2824.63,2542.9334611478257
2825.27,2576.8866932695655
2825.92,2638.7984439434786
2826.56,2697.6722278347834
2827.21,2729.0137333434786
2827.85,2788.0834313782607
2828.5,2811.538749530435
2829.14,2838.928854104348
2829.79,2886.1663903217386
2830.43,2910.104437247827
2831.08,2943.3021614173917
2831.72,2956.2430768304357
2832.37,2990.9046105608686
2833.01,3036.1698417869566
2833.65,3070.6775020217387
2834.3,3138.0750177391305
2834.94,3205.915902921739
2835.58,3254.6784537391313
2836.23,3253.3587923478267
2836.87,3304.4221715652175
2837.51,3327.9621050434785
2838.16,3408.3873230869563
2838.8,3457.0878609130436
2839.44,3518.0541879999996
2840.08,3601.31242652174
2840.72,3637.259567391305
2841.36,3668.532167130434
2842.01,3767.098086478262
2842.65,3813.7321423043486
2843.29,3868.9500213043475
2843.93,3960.9308880869567
2844.57,4019.5656465217394
2845.21,4085.1982436086955
2845.85,4174.261321956522
2846.49,4247.38535026087
2847.13,4322.417753782608
2847.77,4374.586826739131
2848.41,4482.656081173913
2849.05,4526.351637260869
2849.69,4585.892658826087
2850.33,4592.076570217391
2850.97,4565.902535217391
2851.61,4549.2223256086945
2852.24,4603.12771347826
2852.88,4699.132209652175
2853.52,4820.91019495652
2854.16,4802.676918478261
2854.8,4795.442413130435
2855.43,4828.581928304348
2856.07,4895.4068003913035
2856.71,4976.273148173913
2857.35,5047.111873347826
2857.98,5110.066050913043
2858.62,5149.280059869565
2859.26,5324.159149608696
2859.89,5458.953785913043
2860.53,5633.839217043479
2861.16,5774.729821956522
2861.8,5912.913457782609
2862.44,6128.9279808695655
2863.07,6295.099943826085
2863.71,6522.545028695653
2864.34,6782.195874782608
2864.98,6992.805120260869
2865.61,7190.348447652174
2866.25,7463.745451130433
2866.88,7649.7526823478265
2867.52,7853.692778913042
2868.15,8093.649248130436
2868.78,8236.326901695653
2869.42,8478.083157869565
2870.05,8651.683698260871
2870.69,8868.082029521738
2871.32,9101.439919
2871.95,9226.950870478262
2872.58,9471.106216652173
2873.22,9683.670333391303
2873.85,9934.574114
2874.48,10122.947153000001
2875.11,10250.227735826087
2875.75,10364.13197704348
2876.38,10438.302508826087
2877.01,10463.591531826085
2877.64,10467.709939347826
2878.27,10437.775148826087
2878.9,10319.549791826086
2879.53,10277.47258773913
2880.16,10190.054867695653
2880.79,10080.226216782608
2881.42,9973.371442086955
2882.05,9876.374480782611
2882.68,9813.978397565217
2883.31,9756.987997086957
2883.94,9735.292433347826
2884.57,9677.579552478262
2885.2,9620.218506999998
2885.83,9573.709753304347
2886.46,9592.389834565216
2887.09,9573.838334652175
2887.72,9589.08657947826
2888.35,9587.59067778261
2888.97,9623.496299478262
2889.6,9623.289986000003
2890.23,9648.719582652175
2890.86,9703.378152608697
2891.49,9705.938324565217
2892.11,9736.631418826088
2892.74,9785.523542434783
2893.37,9893.222538130436
2893.99,10004.725815565218
2894.62,10012.703828173911
2895.25,10115.08354621739
2895.87,10187.782381826088
2896.5,10238.929914086955
2897.12,10401.037029826088
2897.75,10463.34809278261
2898.38,10481.691380086955
2899.0,10593.110382304347
2899.63,10755.395988565217
2900.25,10931.965601956523
2900.88,11025.326629130434
2901.5,11093.402995869565
2902.12,11205.581241782607
2902.75,11298.713548956523
2903.37,11432.419065521739
2904.0,11567.02606195652
2904.62,11596.32542347826
2905.25,11626.57585473913
2905.87,11762.896065304347
2906.49,11975.638241608696
2907.11,12011.616739434783
2907.74,11994.874614130435
2908.36,12038.965357130433
2908.98,12151.436367695653
2909.6,12269.768525130437
2910.23,12356.146622130434
2910.85,12367.637623608696
2911.47,12324.348930521739
2912.09,12320.384898217393
2912.71,12434.964668130433
2913.33,12437.024764652175
2913.96,12459.124328739132
2914.58,12409.034671826088
2915.2,12301.630582260872
2915.82,12256.707283086957
2916.44,12241.52999878261
2917.06,12199.67612630435
2917.68,12090.970887043475
2918.3,11933.213852521742
2918.92,11916.186763347827
2919.54,11857.23571504348
2920.16,11861.344620826087
2920.77,11763.468267782606
2921.39,11699.264920608697
2922.01,11667.912842173911
2922.63,11579.662903173912
2923.25,11609.36032604348
2923.87,11604.806413695651
2924.48,11610.927257043477
2925.1,11590.704159869569
2925.72,11701.34755604348
2926.34,11766.323972999999
2926.95,11830.108622565214
2927.57,11861.454116260866
2928.19,11947.684362913044
2928.8,12102.90588821739
2929.42,12216.51955726087
2930.04,12373.303628608695
2930.65,12517.826796869565
2931.27,12727.181234304351
2931.89,13018.576065608695
2932.5,13254.619551391308
2933.12,13466.764730304349
2933.73,13726.174207086959
2934.35,13998.18797647826
2934.96,14320.822992260872
2935.58,14599.478811695655
2936.19,14861.913692086953
2936.81,15003.66023504348
2937.42,15198.824519565218
2938.03,15429.050888956517
2938.65,15520.702379695653
2939.26,15573.925068086955
2939.88,15480.241122260872
2940.49,15384.402268565216
2941.1,15207.577632478258
2941.71,15017.375463869565
2942.33,14731.25227073913
2942.94,14402.085004695653
2943.55,14039.749302130433
2944.17,13803.224718826084
2944.78,13514.848198565216
2945.39,13212.754511434783
2946.0,12870.495386086955
2946.61,12567.289066130435
2947.22,12245.973367608696
2947.83,12010.99566478261
2948.45,11726.045511652177
2949.06,11444.649848304347
2949.67,11196.074746304348
2950.28,11005.446714260872
2950.89,10806.592255565216
2951.5,10545.533964826089
2952.11,10301.008780217395
2952.72,10093.760600130434
2953.33,9875.255929347828
2953.94,9729.875619565215
2954.54,9562.380086086956
2955.15,9402.66235826087
2955.76,9201.590677130436
2956.37,9082.435023565218
2956.98,8962.447118869562
2957.59,8756.245640130433
2958.2,8641.599698260869
2958.8,8523.46753469565
2959.41,8443.38956478261
2960.02,8333.331856304349
2960.63,8224.206125478262
2961.23,8075.554094434781
2961.84,7986.117479826088
2962.45,7933.214956478261
2963.05,7821.9565042608665
2963.66,7646.247753173911
2964.27,7522.340855913045
2964.87,7441.340573391307
2965.48,7375.219492304348
2966.08,7254.1467205217405
2966.69,7149.332670956523
2967.29,7002.485581391305
2967.9,6841.101516086955
2968.5,6784.840887086957
2969.11,6629.947149173913
2969.71,6505.280278826087
2970.32,6363.190687478261
2970.92,6227.402699130435
2971.53,6119.187159130434
2972.13,5973.601434652173
2972.74,5819.374632086957
2973.34,5676.6332485652165
2973.94,5568.180302565218
2974.54,5464.833595608697
2975.15,5340.223537608696
2975.75,5198.548363956523
2976.35,5079.748484434783
2976.96,4960.662134304349
2977.56,4893.047548826087
2978.16,4770.672963130434
2978.76,4631.679655739131
2979.36,4479.3002093913055
2979.97,4431.408510869565
2980.57,4341.409316565217
2981.17,4211.4252087391305
2981.77,4107.78529152174
2982.37,3945.9104073913045
2982.97,3867.254008260869
2983.57,3739.0525890000004
2984.17,3625.866991869564
2984.77,3509.7211032608698
2985.37,3425.730547913044
2985.97,3321.576168217391
2986.57,3250.609241217392
2987.17,3109.007565391305
2987.77,3049.328504478261
2988.37,2944.412900608696
2988.97,2844.633334652174
2989.57,2767.7728223478257
2990.17,2688.1765532608692
2990.76,2586.7027602608696
2991.36,2521.0435890434783
2991.96,2479.135098826087
2992.56,2403.8376961739127
2993.16,2318.7665700434777
2993.75,2243.2260403478253
2994.35,2184.334773913043
2994.95,2139.7288297391306
2995.54,2096.0025268260874
2996.14,2005.9632283478254
2996.74,1972.457862086957
2997.33,1902.6307472478268
2997.93,1854.9388116869563
2998.52,1822.0359396956521
2999.12,1796.538624221739
2999.72,1763.001184526087
3000.31,1716.7753306565219
3000.91,1679.7553814434782
3001.5,1641.6617429434782
3002.1,1608.8378642913044
3002.69,1600.341977447826
3003.29,1564.2536185913043
3003.88,1512.1918889869564
3004.47,1486.656759243478
3005.07,1459.001678826087
3005.66,1426.2457487130437
3006.26,1361.0298095652174
3006.85,1338.3868751565217
3007.44,1294.8899597130437
3008.04,1240.9077295782608
3008.63,1190.4366773130434
3009.22,1158.2330342086957
3009.81,1116.2135532782609
3010.41,1077.0250748652174
3011.0,1022.3277867260869
3011.59,1036.3347899217388
3012.18,995.7618807869566
3012.77,953.2604212043478
3013.36,932.5372076608696
3013.96,893.6336019086957
3014.55,886.0568350347828
3015.14,878.2900514913044
3015.73,870.7445692608699
3016.32,829.1666196130432
3016.91,804.370085886087
3017.5,789.977329727826
3018.09,786.8925822352172
3018.68,759.0907701478261
3019.27,758.6144289278261
3019.86,710.7346157412175
3020.45,719.2295182508695
3021.04,738.8767592465217
3021.63,718.4515268765217
3022.22,712.8978787173913
3022.8,711.8248290178261
3023.39,728.6076963265218
3023.98,690.3474944626087
3024.57,695.8458030135652
3025.16,706.468505601739
3025.74,703.4887467104348
3026.33,728.5897576708695
3026.92,703.3002048961741
3027.5,721.6348849130436
3028.09,724.6355943908696
3028.68,736.5826951908696
3029.26,750.7298968991307
3029.85,765.2231265543478
3030.44,752.3777895073913
3031.02,757.6469430834783
3031.61,758.7491228869566
3032.19,773.9417343086958
3032.78,775.18305187
3033.37,828.800176652174
3033.95,807.290905007826
3034.54,824.6677724739133
3035.12,814.3643147495652
3035.71,869.9118499000001
3036.29,861.0599133999999
3036.87,862.2961277782608
3037.46,879.5875502913042
3038.04,895.7041945478259
3038.63,913.2312482869564
3039.21,923.5708120304347
3039.79,921.3578125173914
3040.38,942.7553939695651
3040.96,949.6296133478261
3041.54,928.799962469565
3042.12,935.0948027130435
3042.71,948.2204085956521
3043.29,941.6750110608693
3043.87,954.9641887478259
3044.45,979.4774333956522
3045.03,994.6568887826087
3045.62,1011.2994815782607
3046.2,1024.1663554869563
3046.78,1066.3974806043477
3047.36,1097.9477395
3047.94,1123.392841547826
3048.52,1182.8365823608694
3049.1,1251.250714343478
3049.68,1307.5710769304349
3050.26,1386.2531181217394
3050.84,1485.5017640130434
3051.42,1581.3027233
3052.0,1671.325835552174
3052.58,1744.867895934783
3053.16,1819.3027873347826
3053.74,1913.2956964999998
3054.32,1984.6787666739128
3054.89,2031.4106629478258
3055.47,2065.9196154782608
3056.05,2089.7725499869566
3056.63,2121.712044456522
3057.21,2150.03285056087
3057.78,2153.6918937608693
3058.36,2159.9017518565215
3058.94,2153.148045826087
3059.52,2121.2377012304346
3060.09,2141.9463390391306
3060.67,2125.7191454217395
3061.25,2137.8869582260877
3061.82,2107.666703
3062.4,2105.758348291304
3062.97,2138.705340434783
3063.55,2107.983300443478
3064.13,2051.546109747826
3064.7,2017.8185190173917
3065.28,1976.5113659565218
3065.85,1964.1307060913039
3066.43,1903.016072534782
3067.0,1844.189172178261
3067.58,1762.8534519
3068.15,1713.9188793217393
3068.72,1635.3789005
3069.3,1539.3983964869565
3069.87,1465.045987308695
3070.45,1382.0282494173916
3071.02,1339.0944980086956
3071.59,1251.399527226087
3072.17,1166.4471741217392
3072.74,1095.3691454347827
3073.31,1023.9912349217392
3073.89,952.5750185478263
3074.46,915.8141596826084
3075.03,863.9214954347825
3075.6,825.1037321434783
3076.17,762.7693592391305
3076.74,695.4279090782608
3077.32,674.6193493173914
3077.89,616.5687774999999
3078.46,585.0737263995651
3079.03,547.5068589213043
3079.6,542.0343597869567
3080.17,461.1425005808696
3080.74,468.90185736086966
3081.31,432.55852784173914
3081.88,414.4176531808695
3082.45,384.88046151695664
3083.02,366.26135485000003
3083.59,364.6949091465218
3084.16,332.61335248782615
3084.73,319.31926080043473
3085.3,294.118644753913
3085.87,290.11864549347814
3086.43,261.5874910613043
3087.0,251.9208443113043
3087.57,252.1673680886957
3088.14,240.87394259956517
3088.71,226.98888285956528
3089.28,214.82032995
3089.84,217.64459886956521
3090.41,176.24730893756524
3090.98,180.16020993304343
3091.54,166.25948877108698
3092.11,158.1986802274348
3092.68,151.6606276576522
3093.24,128.8346962045652
3093.81,136.8145552852174
3094.38,126.87104857391304
3094.94,136.18301969869566
3095.51,145.3812253817391
3096.07,132.26668313434783
3096.64,108.16449752221742
3097.2,94.17694692208696
3097.77,105.72770108473914
3098.33,97.69417436608694
3098.9,96.75438982986957
3099.46,126.91893576826087
3100.03,104.53296831391305
3100.59,101.89229581195654
3101.15,98.89437875173911
3101.72,89.38472110639131
3102.28,96.93878337434784
3102.84,77.5811149146087
3103.41,72.36535204169566
3103.97,104.53208760913043
3104.53,92.94108835565221
3105.1,98.13520799434782
3105.66,83.46556109347826
3106.22,81.25704484595653
3106.78,100.36855641304344
3107.34,90.2948625395652
3107.91,95.53977345000001
3108.47,92.66366457608697
3109.03,106.76434613434785
3109.59,82.85549789043478
3110.15,98.23240831999999
3110.71,91.12775719391301
3111.27,80.87065907434784
3111.83,70.04483719304349
3112.39,71.80610175478262
3112.95,81.60404557173914
3113.51,70.48608752421738
3114.07,57.35829868391304
3114.63,59.954532721217404
3115.19,82.64881765086957
3115.75,62.6067049566087
3116.31,82.06670265478259
3116.87,50.71931874691304
3117.43,68.94458297173912
3117.98,62.37548188360868
3118.54,51.81926288043479
3119.1,76.73886902382607
3119.66,57.49376510017393
3120.22,61.44180721665217
3120.77,53.998374457478256
3121.33,64.55862906626086
3121.89,51.85316873043479
3122.44,78.3623302952174
3123.0,57.86684188091304
3123.56,35.67160553769566
3124.11,57.969265490999994
3124.67,62.82894511086956
3125.23,76.58924605304347
3125.78,45.90776993791304
3126.34,57.86911840652175
3126.89,52.71689360017391
3127.45,61.983001991869564
3128.0,40.33826358339131
3128.56,70.1150635769565
3129.11,43.699483612521746
3129.67,47.91986617495652
3130.22,65.00094642695653
3130.78,72.78937321913043
3131.33,55.041230170043484
3131.88,61.37338350673913
3132.44,82.10456984130434
3132.99,65.36030886108695
3133.54,89.8640333073913
3134.1,82.8250454521739
3134.65,80.42099543726088
3135.2,86.47953336347825
3135.76,64.95213541743479
3136.31,103.19388648826084
3136.86,72.03152427517391
3137.41,86.88526471391306
3137.96,94.36488897000001
3138.51,71.36522167208696
3139.07,119.7187396252174
3139.62,83.46052860826087
3140.17,68.0795439523913
3140.72,105.64313229391307
3141.27,84.4389017982609
3141.82,98.20011281739133
3142.37,110.48028655130435
3142.92,100.6236833295652
3143.47,94.45778088086955
3144.02,95.42962211678257
3144.57,108.91255432304348
3145.12,97.21127258260869
3145.67,117.17573285652173
3146.22,105.16667369647823
3146.77,106.68322495999999
3147.32,115.00825562695651
3147.86,98.9654172853913
3148.41,133.33727455565216
3148.96,124.40047962782606
3149.51,126.48285861052176
